{
    "lastpayout": 1581350582,
    "accounts": {
        "2450278249619677470L": {
            "pending": 0.24168539959358704,
            "received": 0.0
        },
        "13687555072872361768L": {
            "pending": 0.88387373498146,
            "received": 0.0
        },
        "11074069055723935210L": {
            "pending": 0.8722497770925142,
            "received": 0.0
        },
        "17522706896063059618L": {
            "pending": 0.05645571977161571,
            "received": 0.0
        },
        "11092520061436684887L": {
            "pending": 0.1307092982388313,
            "received": 0.0
        },
        "8608501552091746000L": {
            "pending": 0,
            "received": 1.1940268884740353
        },
        "12106078269549155470L": {
            "pending": 0.018339908498442165,
            "received": 0.0
        },
        "7258493352278925308L": {
            "pending": 0.6213997350482227,
            "received": 0.0
        },
        "3905013786800090105L": {
            "pending": 0.0006563753769432977,
            "received": 0.0
        },
        "8191405714437232748L": {
            "pending": 0.9942176956463212,
            "received": 1.143838268553806
        },
        "5619603642193345811L": {
            "pending": 0.0009845528901722697,
            "received": 0.0
        },
        "9976683524520929881L": {
            "pending": 0,
            "received": 11.038404665776234
        },
        "8004805717140184627L": {
            "pending": 0.40233056767232256,
            "received": 0.0
        },
        "16671600588889208369L": {
            "pending": 0,
            "received": 8.710792802564562
        },
        "6515576688092110678L": {
            "pending": 0.6831421652921927,
            "received": 1.2689325483614788
        },
        "3559263486532827983L": {
            "pending": 0.0003200596906526703,
            "received": 0.0
        },
        "17053847324469608106L": {
            "pending": 0.11079572120278078,
            "received": 0.0
        },
        "7134531444980378449L": {
            "pending": 0.37747038133017924,
            "received": 0.0
        },
        "5201600508578320196L": {
            "pending": 0,
            "received": 5.608601481011364
        },
        "17449802785255227364L": {
            "pending": 0.515421030512339,
            "received": 0.0
        },
        "15118820220573795070L": {
            "pending": 0.8106441397779067,
            "received": 0.0
        },
        "14403188529144016184L": {
            "pending": 0.13349687157810863,
            "received": 0.0
        },
        "14961071094921829917L": {
            "pending": 0.0003066671646129249,
            "received": 0.0
        },
        "5506728986121222390L": {
            "pending": 0.0003066671646129249,
            "received": 0.0
        },
        "1093219811159306396L": {
            "pending": 0,
            "received": 1.1165024281808063
        },
        "5007121370099988073L": {
            "pending": 0.7394849594797533,
            "received": 0.0
        },
        "14532972329284175202L": {
            "pending": 0,
            "received": 1.3322672950421617
        },
        "5794850803291593420L": {
            "pending": 0,
            "received": 1.1257446233364903
        },
        "5244341344295779314L": {
            "pending": 0.03157106470003015,
            "received": 0.0
        },
        "6573868316532588354L": {
            "pending": 0,
            "received": 2.9989590630197664
        },
        "10431374778810601967L": {
            "pending": 0.4386153206795266,
            "received": 0.0
        },
        "765057514163296046L": {
            "pending": 0,
            "received": 1.2578761775852538
        },
        "2970958268267411716L": {
            "pending": 0,
            "received": 1.3219003559531792
        },
        "15685642188501630198L": {
            "pending": 0.5780893588581024,
            "received": 0.0
        },
        "16348134243610516066L": {
            "pending": 0.8447183974473043,
            "received": 0.0
        },
        "6281405850162033335L": {
            "pending": 0,
            "received": 1.1705028075644837
        },
        "12263243490950058338L": {
            "pending": 0,
            "received": 1.1949469049753136
        },
        "4856867543512507900L": {
            "pending": 0,
            "received": 1.227417556229328
        },
        "18234943547133247982L": {
            "pending": 0,
            "received": 21.548351582932472
        },
        "9000908004295831026L": {
            "pending": 0.5929120129283793,
            "received": 0.0
        },
        "13224283457902846739L": {
            "pending": 0.0005078198770338393,
            "received": 0.0
        },
        "9558646261397348416L": {
            "pending": 0.00023102891776073024,
            "received": 0.0
        },
        "2955231261147268436L": {
            "pending": 0.5399365098429356,
            "received": 0.0
        },
        "5544863131864332694L": {
            "pending": 0.0014965686433235476,
            "received": 0.0
        },
        "5687997770441715564L": {
            "pending": 0.3020910455972721,
            "received": 0.0
        },
        "8489184487016694957L": {
            "pending": 0.28597824293356455,
            "received": 0.0
        },
        "8705127156785948074L": {
            "pending": 0,
            "received": 1.3093388323119086
        },
        "1850283558099171018L": {
            "pending": 0.00030698364261362994,
            "received": 0.0
        },
        "6121750279903659323L": {
            "pending": 0.47373998103514203,
            "received": 0.0
        },
        "6021511972476847954L": {
            "pending": 1.082577617788882,
            "received": 0.0
        },
        "16682201037875195416L": {
            "pending": 0.000227547659531449,
            "received": 0.0
        },
        "6183301800081823678L": {
            "pending": 0.29479346576988563,
            "received": 0.0
        },
        "17115464686765234302L": {
            "pending": 0.17709420942017176,
            "received": 0.0
        },
        "14820233993774430788L": {
            "pending": 0.0008821220798204699,
            "received": 0.0
        },
        "15432127119086351058L": {
            "pending": 0.8543582916686462,
            "received": 0.0
        },
        "13532811633176466252L": {
            "pending": 0.00015665658303794212,
            "received": 0.0
        },
        "9096358076943957197L": {
            "pending": 0.549090836085549,
            "received": 0.0
        },
        "1527055342645791567L": {
            "pending": 0.7877367893658936,
            "received": 0.0
        },
        "454100446838833925L": {
            "pending": 0.00019241859936451708,
            "received": 0.0
        }
    },
    "pending": {}
}