{
    "lastpayout": 1581281222,
    "accounts": {
        "2450278249619677470L": {
            "pending": 0.15940731525481822,
            "received": 0.0
        },
        "13687555072872361768L": {
            "pending": 0.5833948983888296,
            "received": 0.0
        },
        "11074069055723935210L": {
            "pending": 0.5756041871932319,
            "received": 0.0
        },
        "17522706896063059618L": {
            "pending": 0.037263217127184854,
            "received": 0.0
        },
        "11092520061436684887L": {
            "pending": 0.08627379086687956,
            "received": 0.0
        },
        "8608501552091746000L": {
            "pending": 0.7880025503157221,
            "received": 0.0
        },
        "12106078269549155470L": {
            "pending": 0.012105132929573393,
            "received": 0.0
        },
        "7258493352278925308L": {
            "pending": 0.41015070472131143,
            "received": 0.0
        },
        "3905013786800090105L": {
            "pending": 0.0004332361412965813,
            "received": 0.0
        },
        "8191405714437232748L": {
            "pending": 0.26725458026819465,
            "received": 1.143838268553806
        },
        "5619603642193345811L": {
            "pending": 0.0006498474958445597,
            "received": 0.0
        },
        "9976683524520929881L": {
            "pending": 0.11038672051884257,
            "received": 7.175434499805039
        },
        "8004805717140184627L": {
            "pending": 0.26543956484572195,
            "received": 0.0
        },
        "16671600588889208369L": {
            "pending": 1.0888693245583643,
            "received": 4.660510459830318
        },
        "6515576688092110678L": {
            "pending": 0.019521202607006766,
            "received": 1.2689325483614788
        },
        "3559263486532827983L": {
            "pending": 0.00021125324049887218,
            "received": 0.0
        },
        "17053847324469608106L": {
            "pending": 0.07302100609741255,
            "received": 0.0
        },
        "7134531444980378449L": {
            "pending": 0.2542111922445647,
            "received": 0.0
        },
        "5201600508578320196L": {
            "pending": 0.7010865469781367,
            "received": 3.000712237959524
        },
        "17449802785255227364L": {
            "pending": 0.34020017545777526,
            "received": 0.0
        },
        "15118820220573795070L": {
            "pending": 0.5349458672268953,
            "received": 0.0
        },
        "14403188529144016184L": {
            "pending": 0.08799126326367224,
            "received": 0.0
        },
        "14961071094921829917L": {
            "pending": 0.00020241359399858234,
            "received": 0.0
        },
        "5506728986121222390L": {
            "pending": 0.00020241359399858234,
            "received": 0.0
        },
        "1093219811159306396L": {
            "pending": 0.7368228942037705,
            "received": 0.0
        },
        "5007121370099988073L": {
            "pending": 0.48809206080188333,
            "received": 0.0
        },
        "14532972329284175202L": {
            "pending": 0.8792373402101606,
            "received": 0.0
        },
        "5794850803291593420L": {
            "pending": 0.7429146817074738,
            "received": 0.0
        },
        "5244341344295779314L": {
            "pending": 0.020838268356381914,
            "received": 0.0
        },
        "6573868316532588354L": {
            "pending": 0.374871460799909,
            "received": 1.6044433590655292
        },
        "10431374778810601967L": {
            "pending": 0.28938959822836996,
            "received": 0.0
        },
        "765057514163296046L": {
            "pending": 0.8301371069147084,
            "received": 0.0
        },
        "2970958268267411716L": {
            "pending": 0.8723995448446691,
            "received": 0.0
        },
        "15685642188501630198L": {
            "pending": 0.38145872291884764,
            "received": 0.0
        },
        "16348134243610516066L": {
            "pending": 0.5574363348413398,
            "received": 0.0
        },
        "6281405850162033335L": {
            "pending": 0.7725824848695672,
            "received": 0.0
        },
        "12263243490950058338L": {
            "pending": 0.7887166465272806,
            "received": 0.0
        },
        "4856867543512507900L": {
            "pending": 0.8100369086398718,
            "received": 0.0
        },
        "18234943547133247982L": {
            "pending": 0.21548873715400418,
            "received": 14.00734883535438
        },
        "9000908004295831026L": {
            "pending": 0.39134757584251983,
            "received": 0.0
        },
        "13224283457902846739L": {
            "pending": 0.00033518308536252507,
            "received": 0.0
        },
        "9558646261397348416L": {
            "pending": 0.00015248907922886705,
            "received": 0.0
        },
        "2955231261147268436L": {
            "pending": 0.35626036056390353,
            "received": 0.0
        },
        "5544863131864332694L": {
            "pending": 0.0009878000409435895,
            "received": 0.0
        },
        "5687997770441715564L": {
            "pending": 0.19931341564587815,
            "received": 0.0
        },
        "8489184487016694957L": {
            "pending": 0.18864222186430293,
            "received": 0.0
        },
        "8705127156785948074L": {
            "pending": 0.8640952826589557,
            "received": 0.0
        },
        "1850283558099171018L": {
            "pending": 0.00020262248316878432,
            "received": 0.0
        },
        "6121750279903659323L": {
            "pending": 0.30739129061101456,
            "received": 0.0
        },
        "6021511972476847954L": {
            "pending": 0.7144305185873808,
            "received": 0.0
        },
        "16682201037875195416L": {
            "pending": 0.00015019129821042845,
            "received": 0.0
        },
        "6183301800081823678L": {
            "pending": 0.19446343708438907,
            "received": 0.0
        },
        "17115464686765234302L": {
            "pending": 0.11688983869635898,
            "received": 0.0
        },
        "14820233993774430788L": {
            "pending": 0.0005822387302120713,
            "received": 0.0
        },
        "15432127119086351058L": {
            "pending": 0.5639122772535741,
            "received": 0.0
        },
        "13532811633176466252L": {
            "pending": 0.00010340012122351222,
            "received": 0.0
        },
        "9096358076943957197L": {
            "pending": 0.36231426900121305,
            "received": 0.0
        },
        "1527055342645791567L": {
            "pending": 0.5198271778751189,
            "received": 0.0
        },
        "454100446838833925L": {
            "pending": 0.00012700459893939264,
            "received": 0.0
        }
    },
    "pending": {}
}