{
    "lastpayout": 1581259744,
    "accounts": {
        "2450278249619677470L": {
            "pending": 0.12920414168711736,
            "received": 0.0
        },
        "13687555072872361768L": {
            "pending": 0.4729077738167258,
            "received": 0.0
        },
        "11074069055723935210L": {
            "pending": 0.4665795813414705,
            "received": 0.0
        },
        "17522706896063059618L": {
            "pending": 0.030206066432074387,
            "received": 0.0
        },
        "11092520061436684887L": {
            "pending": 0.06993469858969027,
            "received": 0.0
        },
        "8608501552091746000L": {
            "pending": 0.6387545364052907,
            "received": 0.0
        },
        "12106078269549155470L": {
            "pending": 0.009812584034056241,
            "received": 0.0
        },
        "7258493352278925308L": {
            "pending": 0.33247369360751766,
            "received": 0.0
        },
        "3905013786800090105L": {
            "pending": 0.0003511870598857427,
            "received": 0.0
        },
        "8191405714437232748L": {
            "pending": 0.0,
            "received": 1.143838268553806
        },
        "5619603642193345811L": {
            "pending": 0.0005267751456671102,
            "received": 0.0
        },
        "9976683524520929881L": {
            "pending": 0.0,
            "received": 5.905983094928672
        },
        "8004805717140184627L": {
            "pending": 0.2151565977126134,
            "received": 0.0
        },
        "16671600588889208369L": {
            "pending": 0.0,
            "received": 4.660510459830318
        },
        "6515576688092110678L": {
            "pending": 1.0444379899774303,
            "received": 0.0
        },
        "3559263486532827983L": {
            "pending": 0.00017124472625968353,
            "received": 0.0
        },
        "17053847324469608106L": {
            "pending": 0.059178928520143614,
            "received": 0.0
        },
        "7134531444980378449L": {
            "pending": 0.20894215344534856,
            "received": 0.0
        },
        "5201600508578320196L": {
            "pending": 0.0,
            "received": 3.000712237959524
        },
        "17449802785255227364L": {
            "pending": 0.2757708510515087,
            "received": 0.0
        },
        "15118820220573795070L": {
            "pending": 0.4336214535782041,
            "received": 0.0
        },
        "14403188529144016184L": {
            "pending": 0.07131397020903257,
            "received": 0.0
        },
        "14961071094921829917L": {
            "pending": 0.00016407918957205773,
            "received": 0.0
        },
        "5506728986121222390L": {
            "pending": 0.00016407918957205773,
            "received": 0.0
        },
        "1093219811159306396L": {
            "pending": 0.5972656940499353,
            "received": 0.0
        },
        "5007121370099988073L": {
            "pending": 0.39565400816651397,
            "received": 0.0
        },
        "14532972329284175202L": {
            "pending": 0.7127074828971725,
            "received": 0.0
        },
        "5794850803291593420L": {
            "pending": 0.6022050605927438,
            "received": 0.0
        },
        "5244341344295779314L": {
            "pending": 0.016891781408832386,
            "received": 0.0
        },
        "6573868316532588354L": {
            "pending": 0.0,
            "received": 1.6044433590655292
        },
        "10431374778810601967L": {
            "pending": 0.2345695880529428,
            "received": 0.0
        },
        "765057514163296046L": {
            "pending": 0.6729074538693767,
            "received": 0.0
        },
        "2970958268267411716L": {
            "pending": 0.7071665955580003,
            "received": 0.0
        },
        "15685642188501630198L": {
            "pending": 0.3092039848624041,
            "received": 0.0
        },
        "16348134243610516066L": {
            "pending": 0.4518524773885444,
            "received": 0.0
        },
        "6281405850162033335L": {
            "pending": 0.626265783294441,
            "received": 0.0
        },
        "12263243490950058338L": {
            "pending": 0.6393443523615004,
            "received": 0.0
        },
        "4856867543512507900L": {
            "pending": 0.6566139097387361,
            "received": 0.0
        },
        "18234943547133247982L": {
            "pending": 0.0,
            "received": 11.529220317454525
        },
        "9000908004295831026L": {
            "pending": 0.3172316237104104,
            "received": 0.0
        },
        "13224283457902846739L": {
            "pending": 0.00027170393014675756,
            "received": 0.0
        },
        "9558646261397348416L": {
            "pending": 0.00012360970448771857,
            "received": 0.0
        },
        "2955231261147268436L": {
            "pending": 0.288776516833727,
            "received": 0.0
        },
        "5544863131864332694L": {
            "pending": 0.0008007240372324241,
            "received": 0.0
        },
        "5687997770441715564L": {
            "pending": 0.1615545960914523,
            "received": 0.0
        },
        "8489184487016694957L": {
            "pending": 0.15290299266914026,
            "received": 0.0
        },
        "8705127156785948074L": {
            "pending": 0.7004344072709284,
            "received": 0.0
        },
        "1850283558099171018L": {
            "pending": 0.00016424851795104672,
            "received": 0.0
        },
        "6121750279903659323L": {
            "pending": 0.2462788288488988,
            "received": 0.0
        },
        "6021511972476847954L": {
            "pending": 0.579111565678217,
            "received": 0.0
        },
        "16682201037875195416L": {
            "pending": 0.00012174709220031407,
            "received": 0.0
        },
        "6183301800081823678L": {
            "pending": 0.15762180116704308,
            "received": 0.0
        },
        "17115464686765234302L": {
            "pending": 0.09475247992801047,
            "received": 0.0
        },
        "14820233993774430788L": {
            "pending": 0.0004719705682975508,
            "received": 0.0
        },
        "15432127119086351058L": {
            "pending": 0.45711425666733424,
            "received": 0.0
        },
        "13532811633176466252L": {
            "pending": 8.381753298706427e-05,
            "received": 0.0
        },
        "9096358076943957197L": {
            "pending": 0.2936851815868611,
            "received": 0.0
        },
        "1527055342645791567L": {
            "pending": 0.42136668077094774,
            "received": 0.0
        },
        "454100446838833925L": {
            "pending": 0.00010295164101500868,
            "received": 0.0
        }
    },
    "pending": {}
}