{
    "lastpayout": 1581283561,
    "accounts": {
        "2450278249619677470L": {
            "pending": 0.16182376468365314,
            "received": 0.0
        },
        "13687555072872361768L": {
            "pending": 0.5922337994661689,
            "received": 0.0
        },
        "11074069055723935210L": {
            "pending": 0.5843263020598379,
            "received": 0.0
        },
        "17522706896063059618L": {
            "pending": 0.03782778478267896,
            "received": 0.0
        },
        "11092520061436684887L": {
            "pending": 0.08758090806167403,
            "received": 0.0
        },
        "8608501552091746000L": {
            "pending": 0.799942484725262,
            "received": 0.0
        },
        "12106078269549155470L": {
            "pending": 0.012288535411816614,
            "received": 0.0
        },
        "7258493352278925308L": {
            "pending": 0.4163648171790047,
            "received": 0.0
        },
        "3905013786800090105L": {
            "pending": 0.00043980001665206385,
            "received": 0.0
        },
        "8191405714437232748L": {
            "pending": 0.2886350261106337,
            "received": 1.143838268553806
        },
        "5619603642193345811L": {
            "pending": 0.000659693207123472,
            "received": 0.0
        },
        "9976683524520929881L": {
            "pending": 0.2207729102250503,
            "received": 7.175434499805039
        },
        "8004805717140184627L": {
            "pending": 0.26946248021299074,
            "received": 0.0
        },
        "16671600588889208369L": {
            "pending": 0.043554471440392026,
            "received": 5.792934351016423
        },
        "6515576688092110678L": {
            "pending": 0.03904231134311183,
            "received": 1.2689325483614788
        },
        "3559263486532827983L": {
            "pending": 0.00021445389669280483,
            "received": 0.0
        },
        "17053847324469608106L": {
            "pending": 0.07412851834705377,
            "received": 0.0
        },
        "7134531444980378449L": {
            "pending": 0.2578329050917465,
            "received": 0.0
        },
        "5201600508578320196L": {
            "pending": 0.7571732479858037,
            "received": 3.000712237959524
        },
        "17449802785255227364L": {
            "pending": 0.3453544812387638,
            "received": 0.0
        },
        "15118820220573795070L": {
            "pending": 0.5430519434957335,
            "received": 0.0
        },
        "14403188529144016184L": {
            "pending": 0.08932571397922459,
            "received": 0.0
        },
        "14961071094921829917L": {
            "pending": 0.00020548032245130488,
            "received": 0.0
        },
        "5506728986121222390L": {
            "pending": 0.00020548032245130488,
            "received": 0.0
        },
        "1093219811159306396L": {
            "pending": 0.7479876011709033,
            "received": 0.0
        },
        "5007121370099988073L": {
            "pending": 0.4954870473778324,
            "received": 0.0
        },
        "14532972329284175202L": {
            "pending": 0.8925598746111333,
            "received": 0.0
        },
        "5794850803291593420L": {
            "pending": 0.7541716133114345,
            "received": 0.0
        },
        "5244341344295779314L": {
            "pending": 0.02115398485156174,
            "received": 0.0
        },
        "6573868316532588354L": {
            "pending": 0.4048611935793985,
            "received": 1.6044433590655292
        },
        "10431374778810601967L": {
            "pending": 0.29377538283064336,
            "received": 0.0
        },
        "765057514163296046L": {
            "pending": 0.842715535800022,
            "received": 0.0
        },
        "2970958268267411716L": {
            "pending": 0.8856182957336673,
            "received": 0.0
        },
        "15685642188501630198L": {
            "pending": 0.38723921158668406,
            "received": 0.0
        },
        "16348134243610516066L": {
            "pending": 0.5658831919813259,
            "received": 0.0
        },
        "6281405850162033335L": {
            "pending": 0.7842877297675022,
            "received": 0.0
        },
        "12263243490950058338L": {
            "pending": 0.800666336927314,
            "received": 0.0
        },
        "4856867543512507900L": {
            "pending": 0.822310898946635,
            "received": 0.0
        },
        "18234943547133247982L": {
            "pending": 0.43097643809510333,
            "received": 14.00734883535438
        },
        "9000908004295831026L": {
            "pending": 0.39727680580198915,
            "received": 0.0
        },
        "13224283457902846739L": {
            "pending": 0.0003402613782007017,
            "received": 0.0
        },
        "9558646261397348416L": {
            "pending": 0.0001547994112019454,
            "received": 0.0
        },
        "2955231261147268436L": {
            "pending": 0.3616592403613376,
            "received": 0.0
        },
        "5544863131864332694L": {
            "pending": 0.001002766004599091,
            "received": 0.0
        },
        "5687997770441715564L": {
            "pending": 0.20233416102468352,
            "received": 0.0
        },
        "8489184487016694957L": {
            "pending": 0.19150158397010633,
            "received": 0.0
        },
        "8705127156785948074L": {
            "pending": 0.8771882053218348,
            "received": 0.0
        },
        "1850283558099171018L": {
            "pending": 0.00020569237646013785,
            "received": 0.0
        },
        "6121750279903659323L": {
            "pending": 0.3122804674168962,
            "received": 0.0
        },
        "6021511972476847954L": {
            "pending": 0.7252561051230643,
            "received": 0.0
        },
        "16682201037875195416L": {
            "pending": 0.00015246681695635063,
            "received": 0.0
        },
        "6183301800081823678L": {
            "pending": 0.1974109313395604,
            "received": 0.0
        },
        "17115464686765234302L": {
            "pending": 0.11866081359524243,
            "received": 0.0
        },
        "14820233993774430788L": {
            "pending": 0.0005910601144133266,
            "received": 0.0
        },
        "15432127119086351058L": {
            "pending": 0.5724560523121909,
            "received": 0.0
        },
        "13532811633176466252L": {
            "pending": 0.00010496671607273626,
            "received": 0.0
        },
        "9096358076943957197L": {
            "pending": 0.3678047675793248,
            "received": 0.0
        },
        "1527055342645791567L": {
            "pending": 0.527704174221964,
            "received": 0.0
        },
        "454100446838833925L": {
            "pending": 0.00012892882057638792,
            "received": 0.0
        }
    },
    "pending": {}
}