{
    "lastpayout": 1581285901,
    "accounts": {
        "2450278249619677470L": {
            "pending": 0.16424032586192186,
            "received": 0.0
        },
        "13687555072872361768L": {
            "pending": 0.6010726461521337,
            "received": 0.0
        },
        "11074069055723935210L": {
            "pending": 0.5930485531671339,
            "received": 0.0
        },
        "17522706896063059618L": {
            "pending": 0.03839234896402956,
            "received": 0.0
        },
        "11092520061436684887L": {
            "pending": 0.08888801721294586,
            "received": 0.0
        },
        "8608501552091746000L": {
            "pending": 0.811882503958578,
            "received": 0.0
        },
        "12106078269549155470L": {
            "pending": 0.012471936765467827,
            "received": 0.0
        },
        "7258493352278925308L": {
            "pending": 0.4225788913973155,
            "received": 0.0
        },
        "3905013786800090105L": {
            "pending": 0.0004463638516158507,
            "received": 0.0
        },
        "8191405714437232748L": {
            "pending": 0.3100155619774059,
            "received": 1.143838268553806
        },
        "5619603642193345811L": {
            "pending": 0.0006695388578154668,
            "received": 0.0
        },
        "9976683524520929881L": {
            "pending": 0.3311584206548935,
            "received": 7.175434499805039
        },
        "8004805717140184627L": {
            "pending": 0.2734855291224844,
            "received": 0.0
        },
        "16671600588889208369L": {
            "pending": 0.1306631164272387,
            "received": 5.792934351016423
        },
        "6515576688092110678L": {
            "pending": 0.058563299953431146,
            "received": 1.2689325483614788
        },
        "3559263486532827983L": {
            "pending": 0.00021765453319106624,
            "received": 0.0
        },
        "17053847324469608106L": {
            "pending": 0.07523624534183675,
            "received": 0.0
        },
        "7134531444980378449L": {
            "pending": 0.26145475391857403,
            "received": 0.0
        },
        "5201600508578320196L": {
            "pending": 0.8132597304757444,
            "received": 3.000712237959524
        },
        "17449802785255227364L": {
            "pending": 0.3505087553020338,
            "received": 0.0
        },
        "15118820220573795070L": {
            "pending": 0.5511581598274766,
            "received": 0.0
        },
        "14403188529144016184L": {
            "pending": 0.09066028310243633,
            "received": 0.0
        },
        "14961071094921829917L": {
            "pending": 0.00020854703203249868,
            "received": 0.0
        },
        "5506728986121222390L": {
            "pending": 0.00020854703203249868,
            "received": 0.0
        },
        "1093219811159306396L": {
            "pending": 0.7591523660538829,
            "received": 0.0
        },
        "5007121370099988073L": {
            "pending": 0.5028819884477302,
            "received": 0.0
        },
        "14532972329284175202L": {
            "pending": 0.9058824853278659,
            "received": 0.0
        },
        "5794850803291593420L": {
            "pending": 0.7654286339421216,
            "received": 0.0
        },
        "5244341344295779314L": {
            "pending": 0.02146969940393736,
            "received": 0.0
        },
        "6573868316532588354L": {
            "pending": 0.434850900110786,
            "received": 1.6044433590655292
        },
        "10431374778810601967L": {
            "pending": 0.29816126706377993,
            "received": 0.0
        },
        "765057514163296046L": {
            "pending": 0.8552940139016528,
            "received": 0.0
        },
        "2970958268267411716L": {
            "pending": 0.8988371235456383,
            "received": 0.0
        },
        "15685642188501630198L": {
            "pending": 0.3930197913028833,
            "received": 0.0
        },
        "16348134243610516066L": {
            "pending": 0.5743301237618155,
            "received": 0.0
        },
        "6281405850162033335L": {
            "pending": 0.7959929026356277,
            "received": 0.0
        },
        "12263243490950058338L": {
            "pending": 0.8126159537933096,
            "received": 0.0
        },
        "4856867543512507900L": {
            "pending": 0.8345850353155384,
            "received": 0.0
        },
        "18234943547133247982L": {
            "pending": 0.6464628130034579,
            "received": 14.00734883535438
        },
        "9000908004295831026L": {
            "pending": 0.40320599927513906,
            "received": 0.0
        },
        "13224283457902846739L": {
            "pending": 0.0003453396397889157,
            "received": 0.0
        },
        "9558646261397348416L": {
            "pending": 0.00015710972895808316,
            "received": 0.0
        },
        "2955231261147268436L": {
            "pending": 0.3670583084964022,
            "received": 0.0
        },
        "5544863131864332694L": {
            "pending": 0.0010177318761595087,
            "received": 0.0
        },
        "5687997770441715564L": {
            "pending": 0.20535504611270247,
            "received": 0.0
        },
        "8489184487016694957L": {
            "pending": 0.1943611500722394,
            "received": 0.0
        },
        "8705127156785948074L": {
            "pending": 0.8902812373290463,
            "received": 0.0
        },
        "1850283558099171018L": {
            "pending": 0.00020876225086048736,
            "received": 0.0
        },
        "6121750279903659323L": {
            "pending": 0.31716974075594895,
            "received": 0.0
        },
        "6021511972476847954L": {
            "pending": 0.7360817833083814,
            "received": 0.0
        },
        "16682201037875195416L": {
            "pending": 0.00015474232169956014,
            "received": 0.0
        },
        "6183301800081823678L": {
            "pending": 0.20035859740166959,
            "received": 0.0
        },
        "17115464686765234302L": {
            "pending": 0.12043177759619203,
            "received": 0.0
        },
        "14820233993774430788L": {
            "pending": 0.0005998814443309999,
            "received": 0.0
        },
        "15432127119086351058L": {
            "pending": 0.5809997747955311,
            "received": 0.0
        },
        "13532811633176466252L": {
            "pending": 0.00010653330128170678,
            "received": 0.0
        },
        "9096358076943957197L": {
            "pending": 0.37329545393127844,
            "received": 0.0
        },
        "1527055342645791567L": {
            "pending": 0.5355812487160281,
            "received": 0.0
        },
        "454100446838833925L": {
            "pending": 0.00013085303037242485,
            "received": 0.0
        }
    },
    "pending": {}
}