{
    "lastpayout": 1581886802,
    "accounts": {
        "2450278249619677470L": {
            "pending": 0.8926868938306595,
            "received": 0.0
        },
        "13687555072872361768L": {
            "pending": 0.7547537434057392,
            "received": 2.4870557013214167
        },
        "11074069055723935210L": {
            "pending": 0.7477668188547639,
            "received": 2.4575860890600816
        },
        "17522706896063059618L": {
            "pending": 0.20706267931886294,
            "received": 0.0
        },
        "11092520061436684887L": {
            "pending": 0.4794034100497122,
            "received": 0.0
        },
        "8608501552091746000L": {
            "pending": 0.4963709985502619,
            "received": 3.8890195148575035
        },
        "12106078269549155470L": {
            "pending": 0.06726529406608499,
            "received": 0.0
        },
        "7258493352278925308L": {
            "pending": 1.0614532737216378,
            "received": 1.2176649352895017
        },
        "3905013786800090105L": {
            "pending": 0.0024066833486819207,
            "received": 0.0
        },
        "8191405714437232748L": {
            "pending": 0,
            "received": 7.847918221263885
        },
        "5619603642193345811L": {
            "pending": 0.003611045261576796,
            "received": 0.0
        },
        "9976683524520929881L": {
            "pending": 0,
            "received": 40.485827153490746
        },
        "8004805717140184627L": {
            "pending": 0.3465018919734145,
            "received": 1.135351793796479
        },
        "16671600588889208369L": {
            "pending": 0,
            "received": 31.954901854156294
        },
        "6515576688092110678L": {
            "pending": 0.8089966247336137,
            "received": 6.350671000574183
        },
        "3559263486532827983L": {
            "pending": 0.001173883131002577,
            "received": 0.0
        },
        "17053847324469608106L": {
            "pending": 0.41242516186813083,
            "received": 0.0
        },
        "7134531444980378449L": {
            "pending": 0.1516471399761881,
            "received": 1.1983464621677655
        },
        "5201600508578320196L": {
            "pending": 0,
            "received": 20.57698068033832
        },
        "17449802785255227364L": {
            "pending": 0.6589649821936437,
            "received": 1.2314529248210844
        },
        "15118820220573795070L": {
            "pending": 0.6951582392953439,
            "received": 2.284281133789941
        },
        "14403188529144016184L": {
            "pending": 0.49590116330574463,
            "received": 0.0
        },
        "14961071094921829917L": {
            "pending": 0.0011247633547273742,
            "received": 0.0
        },
        "5506728986121222390L": {
            "pending": 0.0011247633547273742,
            "received": 0.0
        },
        "1093219811159306396L": {
            "pending": 0,
            "received": 4.101172516146304
        },
        "5007121370099988073L": {
            "pending": 0,
            "received": 2.7122214658538315
        },
        "14532972329284175202L": {
            "pending": 0,
            "received": 4.892483413310955
        },
        "5794850803291593420L": {
            "pending": 0,
            "received": 4.134952061426277
        },
        "5244341344295779314L": {
            "pending": 0.11579321408322785,
            "received": 0.0
        },
        "6573868316532588354L": {
            "pending": 0,
            "received": 11.005524716880439
        },
        "10431374778810601967L": {
            "pending": 0.3774312060288688,
            "received": 1.2373218262432495
        },
        "765057514163296046L": {
            "pending": 0.5228411434736572,
            "received": 4.096838501958395
        },
        "2970958268267411716L": {
            "pending": 0,
            "received": 4.854453920967535
        },
        "15685642188501630198L": {
            "pending": 0.9922910444557081,
            "received": 1.1339508915541028
        },
        "16348134243610516066L": {
            "pending": 0.7243345783661087,
            "received": 2.3801286853555252
        },
        "6281405850162033335L": {
            "pending": 0.4850901664284567,
            "received": 3.8079876151408727
        },
        "12263243490950058338L": {
            "pending": 0.49522051453374744,
            "received": 3.887511429215347
        },
        "4856867543512507900L": {
            "pending": 0.5102226752030459,
            "received": 3.9976859641702145
        },
        "18234943547133247982L": {
            "pending": 0,
            "received": 79.03342073755621
        },
        "9000908004295831026L": {
            "pending": 1.012791519299875,
            "received": 1.161841769692375
        },
        "13224283457902846739L": {
            "pending": 0.001862531286030453,
            "received": 0.0
        },
        "9558646261397348416L": {
            "pending": 0.0008473449086327181,
            "received": 0.0
        },
        "2955231261147268436L": {
            "pending": 0.694431784682847,
            "received": 1.2922041656874614
        },
        "5544863131864332694L": {
            "pending": 0.005488965765112252,
            "received": 0.0
        },
        "5687997770441715564L": {
            "pending": 0,
            "received": 1.111901759529645
        },
        "8489184487016694957L": {
            "pending": 1.054792695659373,
            "received": 0.0
        },
        "8705127156785948074L": {
            "pending": 0,
            "received": 4.808426805977682
        },
        "1850283558099171018L": {
            "pending": 0.0011259241012918772,
            "received": 0.0
        },
        "6121750279903659323L": {
            "pending": 0.6293034643823583,
            "received": 1.155176227309491
        },
        "6021511972476847954L": {
            "pending": 0.9273306127654499,
            "received": 3.0493194970337756
        },
        "16682201037875195416L": {
            "pending": 0.0008345766956106916,
            "received": 0.0
        },
        "6183301800081823678L": {
            "pending": 1.0874858262952172,
            "received": 0.0
        },
        "17115464686765234302L": {
            "pending": 0.649529674170223,
            "received": 0.0
        },
        "14820233993774430788L": {
            "pending": 0.003235359713291403,
            "received": 0.0
        },
        "15432127119086351058L": {
            "pending": 0.7296231773240941,
            "received": 2.4040794047027028
        },
        "13532811633176466252L": {
            "pending": 0.000574569449260356,
            "received": 0.0
        },
        "9096358076943957197L": {
            "pending": 0.7060277635824677,
            "received": 1.3139441154749676
        },
        "1527055342645791567L": {
            "pending": 0.32802475828606154,
            "received": 2.567354765531632
        },
        "454100446838833925L": {
            "pending": 0.0007057338192902026,
            "received": 0.0
        }
    },
    "pending": {}
}