{
    "lastpayout": 1581973202,
    "accounts": {
        "2450278249619677470L": {
            "pending": 0.9897094590764848,
            "received": 0.0
        },
        "13687555072872361768L": {
            "pending": 0,
            "received": 3.590391972540995
        },
        "11074069055723935210L": {
            "pending": 1.093434419204388,
            "received": 2.4575860890600816
        },
        "17522706896063059618L": {
            "pending": 0.22932737235413903,
            "received": 0.0
        },
        "11092520061436684887L": {
            "pending": 0.530951964319851,
            "received": 0.0
        },
        "8608501552091746000L": {
            "pending": 0.968935523978266,
            "received": 3.8890195148575035
        },
        "12106078269549155470L": {
            "pending": 0.07449808526358849,
            "received": 0.0
        },
        "7258493352278925308L": {
            "pending": 0,
            "received": 2.524184479930911
        },
        "3905013786800090105L": {
            "pending": 0.0026654162161384907,
            "received": 0.0
        },
        "8191405714437232748L": {
            "pending": 0.8448761768414388,
            "received": 7.847918221263885
        },
        "5619603642193345811L": {
            "pending": 0.003999327759175926,
            "received": 0.0
        },
        "9976683524520929881L": {
            "pending": 0,
            "received": 44.83915357215065
        },
        "8004805717140184627L": {
            "pending": 0.5068607226279053,
            "received": 1.135351793796479
        },
        "16671600588889208369L": {
            "pending": 0,
            "received": 35.39194728601173
        },
        "6515576688092110678L": {
            "pending": 0,
            "received": 7.92952597458596
        },
        "3559263486532827983L": {
            "pending": 0.0013001064932088259,
            "received": 0.0
        },
        "17053847324469608106L": {
            "pending": 0.4577679766707787,
            "received": 0.0
        },
        "7134531444980378449L": {
            "pending": 0.296165103036401,
            "received": 1.1983464621677655
        },
        "5201600508578320196L": {
            "pending": 0,
            "received": 22.790596842440934
        },
        "17449802785255227364L": {
            "pending": 0.8622358580911977,
            "received": 1.2314529248210844
        },
        "15118820220573795070L": {
            "pending": 1.016545821942955,
            "received": 2.284281133789941
        },
        "14403188529144016184L": {
            "pending": 0.5502682836341581,
            "received": 0.0
        },
        "14961071094921829917L": {
            "pending": 0.0012457050469372414,
            "received": 0.0
        },
        "5506728986121222390L": {
            "pending": 0.0012457050469372414,
            "received": 0.0
        },
        "1093219811159306396L": {
            "pending": 0.441823518549671,
            "received": 4.101172516146304
        },
        "5007121370099988073L": {
            "pending": 0.29163793935278853,
            "received": 2.7122214658538315
        },
        "14532972329284175202L": {
            "pending": 0.527091139001575,
            "received": 4.892483413310955
        },
        "5794850803291593420L": {
            "pending": 0.4456517378655843,
            "received": 4.134952061426277
        },
        "5244341344295779314L": {
            "pending": 0.12824403513708357,
            "received": 0.0
        },
        "6573868316532588354L": {
            "pending": 0,
            "received": 12.189938554007377
        },
        "10431374778810601967L": {
            "pending": 0.5520530973701612,
            "received": 1.2373218262432495
        },
        "765057514163296046L": {
            "pending": 1.0206101995328698,
            "received": 4.096838501958395
        },
        "2970958268267411716L": {
            "pending": 0.5229693121244742,
            "received": 4.854453920967535
        },
        "15685642188501630198L": {
            "pending": 0,
            "received": 2.3558797525938466
        },
        "16348134243610516066L": {
            "pending": 1.0591913390682521,
            "received": 2.3801286853555252
        },
        "6281405850162033335L": {
            "pending": 0.9467122589812549,
            "received": 3.8079876151408727
        },
        "12263243490950058338L": {
            "pending": 0.9664828612378163,
            "received": 3.887511429215347
        },
        "4856867543512507900L": {
            "pending": 0.995978710984385,
            "received": 3.9976859641702145
        },
        "18234943547133247982L": {
            "pending": 0,
            "received": 87.5316625920144
        },
        "9000908004295831026L": {
            "pending": 0,
            "received": 2.40846462853276
        },
        "13224283457902846739L": {
            "pending": 0.0020628024671456506,
            "received": 0.0
        },
        "9558646261397348416L": {
            "pending": 0.0009384568093758711,
            "received": 0.0
        },
        "2955231261147268436L": {
            "pending": 0.9090656730537701,
            "received": 1.2922041656874614
        },
        "5544863131864332694L": {
            "pending": 0.006079174190133007,
            "received": 0.0
        },
        "5687997770441715564L": {
            "pending": 0.1202567085970844,
            "received": 1.111901759529645
        },
        "8489184487016694957L": {
            "pending": 0,
            "received": 1.169211038195072
        },
        "8705127156785948074L": {
            "pending": 0.5180444293951242,
            "received": 4.808426805977682
        },
        "1850283558099171018L": {
            "pending": 0.0012469906043369727,
            "received": 0.0
        },
        "6121750279903659323L": {
            "pending": 0.8238487853134335,
            "received": 1.155176227309491
        },
        "6021511972476847954L": {
            "pending": 0,
            "received": 4.405242682083683
        },
        "16682201037875195416L": {
            "pending": 0.0009243156770789681,
            "received": 0.0
        },
        "6183301800081823678L": {
            "pending": 0,
            "received": 1.205462455230369
        },
        "17115464686765234302L": {
            "pending": 0.7193713043237444,
            "received": 0.0
        },
        "14820233993774430788L": {
            "pending": 0.0035832461171189317,
            "received": 0.0
        },
        "15432127119086351058L": {
            "pending": 1.0666041629438987,
            "received": 2.4040794047027028
        },
        "13532811633176466252L": {
            "pending": 0.0006363508019276306,
            "received": 0.0
        },
        "9096358076943957197L": {
            "pending": 0.9242292940885575,
            "received": 1.3139441154749676
        },
        "1527055342645791567L": {
            "pending": 0.6403848959326875,
            "received": 2.567354765531632
        },
        "454100446838833925L": {
            "pending": 0.000781618797224408,
            "received": 0.0
        }
    },
    "pending": {}
}