{
    "lastpayout": 1581800402,
    "accounts": {
        "2450278249619677470L": {
            "pending": 0.7909523461074315,
            "received": 0.0
        },
        "13687555072872361768L": {
            "pending": 0.38844987892610044,
            "received": 2.4870557013214167
        },
        "11074069055723935210L": {
            "pending": 0.3847413218809765,
            "received": 2.4575860890600816
        },
        "17522706896063059618L": {
            "pending": 0.18366608755213484,
            "received": 0.0
        },
        "11092520061436684887L": {
            "pending": 0.42523421586802784,
            "received": 0.0
        },
        "8608501552091746000L": {
            "pending": 0,
            "received": 3.8890195148575035
        },
        "12106078269549155470L": {
            "pending": 0.059664800193842606,
            "received": 0.0
        },
        "7258493352278925308L": {
            "pending": 0.803928254741147,
            "received": 1.2176649352895017
        },
        "3905013786800090105L": {
            "pending": 0.002134796946883107,
            "received": 0.0
        },
        "8191405714437232748L": {
            "pending": 0.9410228178274941,
            "received": 6.019292541844189
        },
        "5619603642193345811L": {
            "pending": 0.003203023149073427,
            "received": 0.0
        },
        "9976683524520929881L": {
            "pending": 0,
            "received": 35.911189658038005
        },
        "8004805717140184627L": {
            "pending": 0.17821649071505438,
            "received": 1.135351793796479
        },
        "16671600588889208369L": {
            "pending": 0,
            "received": 28.343359856094818
        },
        "6515576688092110678L": {
            "pending": 0,
            "received": 6.350671000574183
        },
        "3559263486532827983L": {
            "pending": 0.0010412427899799354,
            "received": 0.0
        },
        "17053847324469608106L": {
            "pending": 0.3649897922368342,
            "received": 0.0
        },
        "7134531444980378449L": {
            "pending": 0,
            "received": 1.1983464621677655
        },
        "5201600508578320196L": {
            "pending": 0,
            "received": 18.251061993391023
        },
        "17449802785255227364L": {
            "pending": 0.4453601642918127,
            "received": 1.2314529248210844
        },
        "15118820220573795070L": {
            "pending": 0.35766808299324354,
            "received": 2.284281133789941
        },
        "14403188529144016184L": {
            "pending": 0.4390037038276764,
            "received": 0.0
        },
        "14961071094921829917L": {
            "pending": 0.000997673194727041,
            "received": 0.0
        },
        "5506728986121222390L": {
            "pending": 0.000997673194727041,
            "received": 0.0
        },
        "1093219811159306396L": {
            "pending": 0.9672321053646884,
            "received": 2.6696990753130114
        },
        "5007121370099988073L": {
            "pending": 0.9566996374439388,
            "received": 1.4490590429083334
        },
        "14532972329284175202L": {
            "pending": 0.5868988956930608,
            "received": 3.7519240791607964
        },
        "5794850803291593420L": {
            "pending": 0.9751763257024815,
            "received": 2.691716326533192
        },
        "5244341344295779314L": {
            "pending": 0.10270941468405803,
            "received": 0.0
        },
        "6573868316532588354L": {
            "pending": 0,
            "received": 9.76113769990694
        },
        "10431374778810601967L": {
            "pending": 0.19414183672429164,
            "received": 1.2373218262432495
        },
        "765057514163296046L": {
            "pending": 0,
            "received": 4.096838501958395
        },
        "2970958268267411716L": {
            "pending": 0.5823251353288287,
            "received": 3.722783977354401
        },
        "15685642188501630198L": {
            "pending": 0.7512019226574986,
            "received": 1.1339508915541028
        },
        "16348134243610516066L": {
            "pending": 0.3726721485710006,
            "received": 2.3801286853555252
        },
        "6281405850162033335L": {
            "pending": 0,
            "received": 3.8079876151408727
        },
        "12263243490950058338L": {
            "pending": 0,
            "received": 3.887511429215347
        },
        "4856867543512507900L": {
            "pending": 0,
            "received": 3.9976859641702145
        },
        "18234943547133247982L": {
            "pending": 0,
            "received": 70.10315314115284
        },
        "9000908004295831026L": {
            "pending": 0.767072596302442,
            "received": 1.161841769692375
        },
        "13224283457902846739L": {
            "pending": 0.0016520786622386588,
            "received": 0.0
        },
        "9558646261397348416L": {
            "pending": 0.0007516010354339847,
            "received": 0.0
        },
        "2955231261147268436L": {
            "pending": 0.4691041722185403,
            "received": 1.2922041656874614
        },
        "5544863131864332694L": {
            "pending": 0.004868752158052167,
            "received": 0.0
        },
        "5687997770441715564L": {
            "pending": 0.9857007122556597,
            "received": 0.0
        },
        "8489184487016694957L": {
            "pending": 0.93477536191795,
            "received": 0.0
        },
        "8705127156785948074L": {
            "pending": 0.5768314968115562,
            "received": 3.687433559308659
        },
        "1850283558099171018L": {
            "pending": 0.0009987027852879434,
            "received": 0.0
        },
        "6121750279903659323L": {
            "pending": 0.4250856226775167,
            "received": 1.155176227309491
        },
        "6021511972476847954L": {
            "pending": 0.47715911656860377,
            "received": 3.0493194970337756
        },
        "16682201037875195416L": {
            "pending": 0.0007402755385433714,
            "received": 0.0
        },
        "6183301800081823678L": {
            "pending": 0.9637345407494959,
            "received": 0.0
        },
        "17115464686765234302L": {
            "pending": 0.5761374155643777,
            "received": 0.0
        },
        "14820233993774430788L": {
            "pending": 0.0028697873625452316,
            "received": 0.0
        },
        "15432127119086351058L": {
            "pending": 0.3755159048490595,
            "received": 2.4040794047027028
        },
        "13532811633176466252L": {
            "pending": 0.000509647238796359,
            "received": 0.0
        },
        "9096358076943957197L": {
            "pending": 0.4769510699631229,
            "received": 1.3139441154749676
        },
        "1527055342645791567L": {
            "pending": 0,
            "received": 2.567354765531632
        },
        "454100446838833925L": {
            "pending": 0.0006259909794881556,
            "received": 0.0
        }
    },
    "pending": {}
}