{
    "lastpayout": 1581541202,
    "accounts": {
        "2450278249619677470L": {
            "pending": 0.47480756847923944,
            "received": 0.0
        },
        "13687555072872361768L": {
            "pending": 0.45935303838856484,
            "received": 1.2726471387844498
        },
        "11074069055723935210L": {
            "pending": 0.4541247806356455,
            "received": 1.2563111492849564
        },
        "17522706896063059618L": {
            "pending": 0.11062782020094702,
            "received": 0.0
        },
        "11092520061436684887L": {
            "pending": 0.2561316334796546,
            "received": 0.0
        },
        "8608501552091746000L": {
            "pending": 0,
            "received": 2.340914514172427
        },
        "12106078269549155470L": {
            "pending": 0.03593797241581807,
            "received": 0.0
        },
        "7258493352278925308L": {
            "pending": 0,
            "received": 1.2176649352895017
        },
        "3905013786800090105L": {
            "pending": 0.0012860360717211895,
            "received": 0.0
        },
        "8191405714437232748L": {
            "pending": 0,
            "received": 4.190826287212038
        },
        "5619603642193345811L": {
            "pending": 0.0019292808692001101,
            "received": 0.0
        },
        "9976683524520929881L": {
            "pending": 0,
            "received": 21.63036162895203
        },
        "8004805717140184627L": {
            "pending": 0.7896171512226128,
            "received": 0.0
        },
        "16671600588889208369L": {
            "pending": 0,
            "received": 17.070482942747407
        },
        "6515576688092110678L": {
            "pending": 1.014497973530588,
            "received": 2.8106981808628237
        },
        "3559263486532827983L": {
            "pending": 0.000627173049149507,
            "received": 0.0
        },
        "17053847324469608106L": {
            "pending": 0.2182977339464925,
            "received": 0.0
        },
        "7134531444980378449L": {
            "pending": 0.7262980291454437,
            "received": 0.0
        },
        "5201600508578320196L": {
            "pending": 0,
            "received": 10.991568858932844
        },
        "17449802785255227364L": {
            "pending": 1.0099941798606449,
            "received": 0.0
        },
        "15118820220573795070L": {
            "pending": 0.42213304932520873,
            "received": 1.167613637085992
        },
        "14403188529144016184L": {
            "pending": 0.2628319080008281,
            "received": 0.0
        },
        "14961071094921829917L": {
            "pending": 0.0006009297213032762,
            "received": 0.0
        },
        "5506728986121222390L": {
            "pending": 0.0006009297213032762,
            "received": 0.0
        },
        "1093219811159306396L": {
            "pending": 1.0725658302891388,
            "received": 1.1165024281808063
        },
        "5007121370099988073L": {
            "pending": 0,
            "received": 1.4490590429083334
        },
        "14532972329284175202L": {
            "pending": 0,
            "received": 2.611849601839045
        },
        "5794850803291593420L": {
            "pending": 1.0813905936481476,
            "received": 1.1257446233364903
        },
        "5244341344295779314L": {
            "pending": 0.06186508795417746,
            "received": 0.0
        },
        "6573868316532588354L": {
            "pending": 0,
            "received": 5.877838755545994
        },
        "10431374778810601967L": {
            "pending": 0.8606496852412016,
            "received": 0.0
        },
        "765057514163296046L": {
            "pending": 0,
            "received": 2.4660824292083268
        },
        "2970958268267411716L": {
            "pending": 0,
            "received": 2.591548209625334
        },
        "15685642188501630198L": {
            "pending": 0,
            "received": 1.1339508915541028
        },
        "16348134243610516066L": {
            "pending": 0.4398065208551579,
            "received": 1.2166560764928827
        },
        "6281405850162033335L": {
            "pending": 0,
            "received": 2.2936640700910824
        },
        "12263243490950058338L": {
            "pending": 0,
            "received": 2.34156361806098
        },
        "4856867543512507900L": {
            "pending": 0,
            "received": 2.406365689852286
        },
        "18234943547133247982L": {
            "pending": 0,
            "received": 42.225181963832355
        },
        "9000908004295831026L": {
            "pending": 0,
            "received": 1.161841769692375
        },
        "13224283457902846739L": {
            "pending": 0.000995098570671519,
            "received": 0.0
        },
        "9558646261397348416L": {
            "pending": 0.00045271277522713257,
            "received": 0.0
        },
        "2955231261147268436L": {
            "pending": 1.0592943745836156,
            "received": 0.0
        },
        "5544863131864332694L": {
            "pending": 0.002932601469996889,
            "received": 0.0
        },
        "5687997770441715564L": {
            "pending": 0.5927270231907674,
            "received": 0.0
        },
        "8489184487016694957L": {
            "pending": 0.5615309395610988,
            "received": 0.0
        },
        "8705127156785948074L": {
            "pending": 0,
            "received": 2.5669330045469456
        },
        "1850283558099171018L": {
            "pending": 0.0006015498758509673,
            "received": 0.0
        },
        "6121750279903659323L": {
            "pending": 0.9441632748802873,
            "received": 0.0
        },
        "6021511972476847954L": {
            "pending": 0.563404832343749,
            "received": 1.559144927299633
        },
        "16682201037875195416L": {
            "pending": 0.00044589107476843734,
            "received": 0.0
        },
        "6183301800081823678L": {
            "pending": 0.5788782254149782,
            "received": 0.0
        },
        "17115464686765234302L": {
            "pending": 0.3470252671366635,
            "received": 0.0
        },
        "14820233993774430788L": {
            "pending": 0.0017285625484262873,
            "received": 0.0
        },
        "15432127119086351058L": {
            "pending": 0.4440352228177441,
            "received": 1.2301563344535285
        },
        "13532811633176466252L": {
            "pending": 0.0003069764475898064,
            "received": 0.0
        },
        "9096358076943957197L": {
            "pending": 1.0771310956082265,
            "received": 0.0
        },
        "1527055342645791567L": {
            "pending": 0.41018991347977846,
            "received": 1.1346317684075071
        },
        "454100446838833925L": {
            "pending": 0.0003770539158818459,
            "received": 0.0
        }
    },
    "pending": {}
}