{
    "lastpayout": 1582491601,
    "accounts": {
        "2450278249619677470L": {
            "pending": 0.4274733277554176,
            "received": 1.1978774521537856
        },
        "13687555072872361768L": {
            "pending": 0,
            "received": 5.8568725918843345
        },
        "11074069055723935210L": {
            "pending": 0.7498932303769305,
            "received": 5.053303322027885
        },
        "17522706896063059618L": {
            "pending": 0.3740899024045019,
            "received": 0.0
        },
        "11092520061436684887L": {
            "pending": 0.8661148666226358,
            "received": 0.0
        },
        "8608501552091746000L": {
            "pending": 1.024235281654462,
            "received": 6.910934257769348
        },
        "12106078269549155470L": {
            "pending": 0.1215248801723563,
            "received": 0.0
        },
        "7258493352278925308L": {
            "pending": 0.26647666215407756,
            "received": 3.851129403030882
        },
        "3905013786800090105L": {
            "pending": 0.004347668221178711,
            "received": 0.0
        },
        "8191405714437232748L": {
            "pending": 0.9200779724477347,
            "received": 13.271102228053364
        },
        "5619603642193345811L": {
            "pending": 0.006523896889218138,
            "received": 0.0
        },
        "9976683524520929881L": {
            "pending": 0,
            "received": 73.14441891632444
        },
        "8004805717140184627L": {
            "pending": 0.34936522566402,
            "received": 2.3405237979996754
        },
        "16671600588889208369L": {
            "pending": 0,
            "received": 57.744531131928476
        },
        "6515576688092110678L": {
            "pending": 0,
            "received": 12.935135872176197
        },
        "3559263486532827983L": {
            "pending": 0.0021207965981875554,
            "received": 0.0
        },
        "17053847324469608106L": {
            "pending": 0.7575505924855904,
            "received": 0.0
        },
        "7134531444980378449L": {
            "pending": 0,
            "received": 2.4389207633338046
        },
        "5201600508578320196L": {
            "pending": 0,
            "received": 37.18822016949673
        },
        "17449802785255227364L": {
            "pending": 0.8869444250681803,
            "received": 2.5284091828673203
        },
        "15118820220573795070L": {
            "pending": 0.35042030293255894,
            "received": 5.042746217290885
        },
        "14403188529144016184L": {
            "pending": 0.9085710617871785,
            "received": 0.0
        },
        "14961071094921829917L": {
            "pending": 0.0020320543276182417,
            "received": 0.0
        },
        "5506728986121222390L": {
            "pending": 0.0020320543276182417,
            "received": 0.0
        },
        "1093219811159306396L": {
            "pending": 0.4804213693004248,
            "received": 6.935300612349905
        },
        "5007121370099988073L": {
            "pending": 0.9478410496956104,
            "received": 3.9522400517411462
        },
        "14532972329284175202L": {
            "pending": 0,
            "received": 8.851471392762047
        },
        "5794850803291593420L": {
            "pending": 0.4860150218583276,
            "received": 6.997242233948016
        },
        "5244341344295779314L": {
            "pending": 0.20919787331058753,
            "received": 0.0
        },
        "6573868316532588354L": {
            "pending": 0,
            "received": 19.895800125121845
        },
        "10431374778810601967L": {
            "pending": 0.5710364539767729,
            "received": 2.358642535910532
        },
        "765057514163296046L": {
            "pending": 1.0789075278033748,
            "received": 7.280036454234401
        },
        "2970958268267411716L": {
            "pending": 0,
            "received": 8.782587587386733
        },
        "15685642188501630198L": {
            "pending": 0.2511036883957217,
            "received": 3.602816048854526
        },
        "16348134243610516066L": {
            "pending": 0.3654767123718174,
            "received": 5.255894258458645
        },
        "6281405850162033335L": {
            "pending": 0.998159572708502,
            "received": 6.757999762055645
        },
        "12263243490950058338L": {
            "pending": 1.0190045827779537,
            "received": 6.899129966393241
        },
        "4856867543512507900L": {
            "pending": 1.0528320907148765,
            "received": 7.104032618588059
        },
        "18234943547133247982L": {
            "pending": 0,
            "received": 142.78711079708575
        },
        "9000908004295831026L": {
            "pending": 0.25425696607317355,
            "received": 3.6745636206534114
        },
        "13224283457902846739L": {
            "pending": 0.0033649431626619104,
            "received": 0.0
        },
        "9558646261397348416L": {
            "pending": 0.00153085614083662,
            "received": 0.0
        },
        "2955231261147268436L": {
            "pending": 0,
            "received": 3.601619893601633
        },
        "5544863131864332694L": {
            "pending": 0.009916642990069903,
            "received": 0.0
        },
        "5687997770441715564L": {
            "pending": 0.9053768171970151,
            "received": 1.111901759529645
        },
        "8489184487016694957L": {
            "pending": 0.7489009575957413,
            "received": 1.169211038195072
        },
        "8705127156785948074L": {
            "pending": 0,
            "received": 8.699687414839255
        },
        "1850283558099171018L": {
            "pending": 0.0020341513910314053,
            "received": 0.0
        },
        "6121750279903659323L": {
            "pending": 0.8529051239111156,
            "received": 2.395750966849211
        },
        "6021511972476847954L": {
            "pending": 0,
            "received": 7.1967676721220855
        },
        "16682201037875195416L": {
            "pending": 0.0015077884418239246,
            "received": 0.0
        },
        "6183301800081823678L": {
            "pending": 0.7721159862467971,
            "received": 1.205462455230369
        },
        "17115464686765234302L": {
            "pending": 0,
            "received": 1.1734737286350296
        },
        "14820233993774430788L": {
            "pending": 0.0058451643887251735,
            "received": 0.0
        },
        "15432127119086351058L": {
            "pending": 0.7287046168684266,
            "received": 4.933137308830046
        },
        "13532811633176466252L": {
            "pending": 0.0010380462085464494,
            "received": 0.0
        },
        "9096358076943957197L": {
            "pending": 0,
            "received": 3.6618730973843796
        },
        "1527055342645791567L": {
            "pending": 0,
            "received": 5.2435580730937925
        },
        "454100446838833925L": {
            "pending": 0.0012750143891225973,
            "received": 0.0
        }
    },
    "pending": {}
}