{
    "lastpayout": 1581280082,
    "accounts": {
        "2450278249619677470L": {
            "pending": 0.15699094917939033,
            "received": 0.0
        },
        "13687555072872361768L": {
            "pending": 0.5745559548079816,
            "received": 0.0
        },
        "11074069055723935210L": {
            "pending": 0.5668821253580616,
            "received": 0.0
        },
        "17522706896063059618L": {
            "pending": 0.0366986467568616,
            "received": 0.0
        },
        "11092520061436684887L": {
            "pending": 0.08496666738656763,
            "received": 0.0
        },
        "8608501552091746000L": {
            "pending": 0.7760626851427708,
            "received": 0.0
        },
        "12106078269549155470L": {
            "pending": 0.011921729565405041,
            "received": 0.0
        },
        "7258493352278925308L": {
            "pending": 0.40393656238189646,
            "received": 0.0
        },
        "3905013786800090105L": {
            "pending": 0.00042667223437747664,
            "received": 0.0
        },
        "8191405714437232748L": {
            "pending": 0.2458741582658796,
            "received": 1.143838268553806
        },
        "5619603642193345811L": {
            "pending": 0.0006400017372207036,
            "received": 0.0
        },
        "9976683524520929881L": {
            "pending": 0.0,
            "received": 7.175434499805039
        },
        "8004805717140184627L": {
            "pending": 0.26141682008022427,
            "received": 0.0
        },
        "16671600588889208369L": {
            "pending": 1.0017599789202067,
            "received": 4.660510459830318
        },
        "6515576688092110678L": {
            "pending": 0,
            "received": 1.2689325483614788
        },
        "3559263486532827983L": {
            "pending": 0.0002080525689139857,
            "received": 0.0
        },
        "17053847324469608106L": {
            "pending": 0.07191358349544755,
            "received": 0.0
        },
        "7134531444980378449L": {
            "pending": 0.25058962024977144,
            "received": 0.0
        },
        "5201600508578320196L": {
            "pending": 0.6449996712404359,
            "received": 3.000712237959524
        },
        "17449802785255227364L": {
            "pending": 0.33504584489134354,
            "received": 0.0
        },
        "15118820220573795070L": {
            "pending": 0.5268398786304694,
            "received": 0.0
        },
        "14403188529144016184L": {
            "pending": 0.08665696439923615,
            "received": 0.0
        },
        "14961071094921829917L": {
            "pending": 0.00019934685079892256,
            "received": 0.0
        },
        "5506728986121222390L": {
            "pending": 0.00019934685079892256,
            "received": 0.0
        },
        "1093219811159306396L": {
            "pending": 0.7256582918171284,
            "received": 0.0
        },
        "5007121370099988073L": {
            "pending": 0.48069703866575847,
            "received": 0.0
        },
        "14532972329284175202L": {
            "pending": 0.8659149316920021,
            "received": 0.0
        },
        "5794850803291593420L": {
            "pending": 0.7316578859191644,
            "received": 0.0
        },
        "5244341344295779314L": {
            "pending": 0.020522550343020286,
            "received": 0.0
        },
        "6573868316532588354L": {
            "pending": 0.3448817737558935,
            "received": 1.6044433590655292
        },
        "10431374778810601967L": {
            "pending": 0.28500395080430324,
            "received": 0.0
        },
        "765057514163296046L": {
            "pending": 0.8175587125170235,
            "received": 0.0
        },
        "2970958268267411716L": {
            "pending": 0.8591808886589074,
            "received": 0.0
        },
        "15685642188501630198L": {
            "pending": 0.3756783014278065,
            "received": 0.0
        },
        "16348134243610516066L": {
            "pending": 0.5489895320564175,
            "received": 0.0
        },
        "6281405850162033335L": {
            "pending": 0.7608771836847733,
            "received": 0.0
        },
        "12263243490950058338L": {
            "pending": 0.7767668986649263,
            "received": 0.0
        },
        "4856867543512507900L": {
            "pending": 0.7977629859633268,
            "received": 0.0
        },
        "18234943547133247982L": {
            "pending": 0.0,
            "received": 14.00734883535438
        },
        "9000908004295831026L": {
            "pending": 0.38541831737123955,
            "received": 0.0
        },
        "13224283457902846739L": {
            "pending": 0.00033010476810442773,
            "received": 0.0
        },
        "9558646261397348416L": {
            "pending": 0.00015017873614612536,
            "received": 0.0
        },
        "2955231261147268436L": {
            "pending": 0.35086154977830236,
            "received": 0.0
        },
        "5544863131864332694L": {
            "pending": 0.0009728340053214534,
            "received": 0.0
        },
        "5687997770441715564L": {
            "pending": 0.19629271909853352,
            "received": 0.0
        },
        "8489184487016694957L": {
            "pending": 0.185782972660718,
            "received": 0.0
        },
        "8705127156785948074L": {
            "pending": 0.8510023920096657,
            "received": 0.0
        },
        "1850283558099171018L": {
            "pending": 0.00019955257511527482,
            "received": 0.0
        },
        "6121750279903659323L": {
            "pending": 0.3025022485626841,
            "received": 0.0
        },
        "6021511972476847954L": {
            "pending": 0.7036049749681962,
            "received": 0.0
        },
        "16682201037875195416L": {
            "pending": 0.00014791576852224886,
            "received": 0.0
        },
        "6183301800081823678L": {
            "pending": 0.19151605530763627,
            "received": 0.0
        },
        "17115464686765234302L": {
            "pending": 0.11511885528141158,
            "received": 0.0
        },
        "14820233993774430788L": {
            "pending": 0.0005734173035915405,
            "received": 0.0
        },
        "15432127119086351058L": {
            "pending": 0.5553684611106172,
            "received": 0.0
        },
        "13532811633176466252L": {
            "pending": 0.0001018335188410239,
            "received": 0.0
        },
        "9096358076943957197L": {
            "pending": 0.3568238389943682,
            "received": 0.0
        },
        "1527055342645791567L": {
            "pending": 0.5119503019183359,
            "received": 0.0
        },
        "454100446838833925L": {
            "pending": 0.00012508036804941778,
            "received": 0.0
        }
    },
    "pending": {}
}