{
    "lastpayout": 1581627602,
    "accounts": {
        "2450278249619677470L": {
            "pending": 0.5795639635637304,
            "received": 0.0
        },
        "13687555072872361768L": {
            "pending": 0.8391264666021121,
            "received": 1.2726471387844498
        },
        "11074069055723935210L": {
            "pending": 0.8298014749285941,
            "received": 1.2563111492849564
        },
        "17522706896063059618L": {
            "pending": 0.13488483788066302,
            "received": 0.0
        },
        "11092520061436684887L": {
            "pending": 0.31229293740212083,
            "received": 0.0
        },
        "8608501552091746000L": {
            "pending": 0.5139175456091662,
            "received": 2.340914514172427
        },
        "12106078269549155470L": {
            "pending": 0.04381797972935079,
            "received": 0.0
        },
        "7258493352278925308L": {
            "pending": 0.2669956804248053,
            "received": 1.2176649352895017
        },
        "3905013786800090105L": {
            "pending": 0.0015679212847925677,
            "received": 0.0
        },
        "8191405714437232748L": {
            "pending": 0.9195535192290416,
            "received": 4.190826287212038
        },
        "5619603642193345811L": {
            "pending": 0.002352308278294123,
            "received": 0.0
        },
        "9976683524520929881L": {
            "pending": 0,
            "received": 26.37321558541335
        },
        "8004805717140184627L": {
            "pending": 0.9634030070215901,
            "received": 0.0
        },
        "16671600588889208369L": {
            "pending": 0,
            "received": 20.81412933155837
        },
        "6515576688092110678L": {
            "pending": 0,
            "received": 4.6639396504090005
        },
        "3559263486532827983L": {
            "pending": 0.0007646913308423678,
            "received": 0.0
        },
        "17053847324469608106L": {
            "pending": 0.266798377998284,
            "received": 0.0
        },
        "7134531444980378449L": {
            "pending": 0.8828532171870856,
            "received": 0.0
        },
        "5201600508578320196L": {
            "pending": 0,
            "received": 13.402306829663186
        },
        "17449802785255227364L": {
            "pending": 0,
            "received": 1.2314529248210844
        },
        "15118820220573795070L": {
            "pending": 0.7713521912115372,
            "received": 1.167613637085992
        },
        "14403188529144016184L": {
            "pending": 0.3211022055362459,
            "received": 0.0
        },
        "14961071094921829917L": {
            "pending": 0.0007326937102116972,
            "received": 0.0
        },
        "5506728986121222390L": {
            "pending": 0.0007326937102116972,
            "received": 0.0
        },
        "1093219811159306396L": {
            "pending": 0,
            "received": 2.6696990753130114
        },
        "5007121370099988073L": {
            "pending": 0.3177331673008,
            "received": 1.4490590429083334
        },
        "14532972329284175202L": {
            "pending": 0.5733087879821701,
            "received": 2.611849601839045
        },
        "5794850803291593420L": {
            "pending": 0,
            "received": 2.691716326533192
        },
        "5244341344295779314L": {
            "pending": 0.07543005316397576,
            "received": 0.0
        },
        "6573868316532588354L": {
            "pending": 0,
            "received": 7.167305759016733
        },
        "10431374778810601967L": {
            "pending": 1.049990299585693,
            "received": 0.0
        },
        "765057514163296046L": {
            "pending": 0.5413580366017833,
            "received": 2.4660824292083268
        },
        "2970958268267411716L": {
            "pending": 0.5688726965764839,
            "received": 2.591548209625334
        },
        "15685642188501630198L": {
            "pending": 0.24925767784641534,
            "received": 1.1339508915541028
        },
        "16348134243610516066L": {
            "pending": 0.803667249473951,
            "received": 1.2166560764928827
        },
        "6281405850162033335L": {
            "pending": 0.5029277711156656,
            "received": 2.2936640700910824
        },
        "12263243490950058338L": {
            "pending": 0.5134306268079876,
            "received": 2.34156361806098
        },
        "4856867543512507900L": {
            "pending": 0.5282542937549789,
            "received": 2.406365689852286
        },
        "18234943547133247982L": {
            "pending": 0,
            "received": 51.48382885491503
        },
        "9000908004295831026L": {
            "pending": 0.25475540706171185,
            "received": 1.161841769692375
        },
        "13224283457902846739L": {
            "pending": 0.001213290735879096,
            "received": 0.0
        },
        "9558646261397348416L": {
            "pending": 0.0005519776958643725,
            "received": 0.0
        },
        "2955231261147268436L": {
            "pending": 0,
            "received": 1.2922041656874614
        },
        "5544863131864332694L": {
            "pending": 0.0035756238632435626,
            "received": 0.0
        },
        "5687997770441715564L": {
            "pending": 0.7230736978767964,
            "received": 0.0
        },
        "8489184487016694957L": {
            "pending": 0.685261754817302,
            "received": 0.0
        },
        "8705127156785948074L": {
            "pending": 0.5634690699403895,
            "received": 2.5669330045469456
        },
        "1850283558099171018L": {
            "pending": 0.0007334498441161196,
            "received": 0.0
        },
        "6121750279903659323L": {
            "pending": 0,
            "received": 1.155176227309491
        },
        "6021511972476847954L": {
            "pending": 1.0294268718179658,
            "received": 1.559144927299633
        },
        "16682201037875195416L": {
            "pending": 0.0005436602223864519,
            "received": 0.0
        },
        "6183301800081823678L": {
            "pending": 0.7064501571649024,
            "received": 0.0
        },
        "17115464686765234302L": {
            "pending": 0.4231165770294138,
            "received": 0.0
        },
        "14820233993774430788L": {
            "pending": 0.0021075790762897957,
            "received": 0.0
        },
        "15432127119086351058L": {
            "pending": 0.8111472563261244,
            "received": 1.2301563344535285
        },
        "13532811633176466252L": {
            "pending": 0.00037428621743717974,
            "received": 0.0
        },
        "9096358076943957197L": {
            "pending": 0,
            "received": 1.3139441154749676
        },
        "1527055342645791567L": {
            "pending": 0.7495512961309747,
            "received": 1.1346317684075071
        },
        "454100446838833925L": {
            "pending": 0.00045972935400526464,
            "received": 0.0
        }
    },
    "pending": {}
}