{
    "lastpayout": 1581282121,
    "accounts": {
        "2450278249619677470L": {
            "pending": 0.16061552611622204,
            "received": 0.0
        },
        "13687555072872361768L": {
            "pending": 0.5878143561928373,
            "received": 0.0
        },
        "11074069055723935210L": {
            "pending": 0.579965235956608,
            "received": 0.0
        },
        "17522706896063059618L": {
            "pending": 0.037545501418991274,
            "received": 0.0
        },
        "11092520061436684887L": {
            "pending": 0.08692735053869183,
            "received": 0.0
        },
        "8608501552091746000L": {
            "pending": 0.793972495656256,
            "received": 0.0
        },
        "12106078269549155470L": {
            "pending": 0.01219683432144689,
            "received": 0.0
        },
        "7258493352278925308L": {
            "pending": 0.4132577660579907,
            "received": 0.0
        },
        "3905013786800090105L": {
            "pending": 0.00043651808436965086,
            "received": 0.0
        },
        "8191405714437232748L": {
            "pending": 0.2779447890850236,
            "received": 1.143838268553806
        },
        "5619603642193345811L": {
            "pending": 0.0006547703595769246,
            "received": 0.0
        },
        "9976683524520929881L": {
            "pending": 0.16557990610641324,
            "received": 7.175434499805039
        },
        "8004805717140184627L": {
            "pending": 0.26745099415754453,
            "received": 0.0
        },
        "16671600588889208369L": {
            "pending": 0,
            "received": 5.792934351016423
        },
        "6515576688092110678L": {
            "pending": 0.02928177302088348,
            "received": 1.2689325483614788
        },
        "3559263486532827983L": {
            "pending": 0.00021285357122669145,
            "received": 0.0
        },
        "17053847324469608106L": {
            "pending": 0.07357474729330851,
            "received": 0.0
        },
        "7134531444980378449L": {
            "pending": 0.25602203580583593,
            "received": 0.0
        },
        "5201600508578320196L": {
            "pending": 0.7291299277444538,
            "received": 3.000712237959524
        },
        "17449802785255227364L": {
            "pending": 0.3427773325849697,
            "received": 0.0
        },
        "15118820220573795070L": {
            "pending": 0.5389988803457506,
            "received": 0.0
        },
        "14403188529144016184L": {
            "pending": 0.08865847387906106,
            "received": 0.0
        },
        "14961071094921829917L": {
            "pending": 0.00020394696074571157,
            "received": 0.0
        },
        "5506728986121222390L": {
            "pending": 0.00020394696074571157,
            "received": 0.0
        },
        "1093219811159306396L": {
            "pending": 0.7424052410251547,
            "received": 0.0
        },
        "5007121370099988073L": {
            "pending": 0.49178956016833714,
            "received": 0.0
        },
        "14532972329284175202L": {
            "pending": 0.8858985866828708,
            "received": 0.0
        },
        "5794850803291593420L": {
            "pending": 0.7485431250838083,
            "received": 0.0
        },
        "5244341344295779314L": {
            "pending": 0.02099612686348226,
            "received": 0.0
        },
        "6573868316532588354L": {
            "pending": 0.38986632016186457,
            "received": 1.6044433590655292
        },
        "10431374778810601967L": {
            "pending": 0.29158247829523337,
            "received": 0.0
        },
        "765057514163296046L": {
            "pending": 0.8364263158572243,
            "received": 0.0
        },
        "2970958268267411716L": {
            "pending": 0.8790089153153546,
            "received": 0.0
        },
        "15685642188501630198L": {
            "pending": 0.3843489561649016,
            "received": 0.0
        },
        "16348134243610516066L": {
            "pending": 0.5616597545151515,
            "received": 0.0
        },
        "6281405850162033335L": {
            "pending": 0.7784351169399298,
            "received": 0.0
        },
        "12263243490950058338L": {
            "pending": 0.7946915015496201,
            "received": 0.0
        },
        "4856867543512507900L": {
            "pending": 0.8161738822036023,
            "received": 0.0
        },
        "18234943547133247982L": {
            "pending": 0.32323276474962437,
            "received": 14.00734883535438
        },
        "9000908004295831026L": {
            "pending": 0.3943121956959214,
            "received": 0.0
        },
        "13224283457902846739L": {
            "pending": 0.00033772223595583293,
            "received": 0.0
        },
        "9558646261397348416L": {
            "pending": 0.00015364424711443672,
            "received": 0.0
        },
        "2955231261147268436L": {
            "pending": 0.35895978906108417,
            "received": 0.0
        },
        "5544863131864332694L": {
            "pending": 0.0009952830350729582,
            "received": 0.0
        },
        "5687997770441715564L": {
            "pending": 0.20082375913971234,
            "received": 0.0
        },
        "8489184487016694957L": {
            "pending": 0.19007187358898345,
            "received": 0.0
        },
        "8705127156785948074L": {
            "pending": 0.8706417389131543,
            "received": 0.0
        },
        "1850283558099171018L": {
            "pending": 0.00020415743233783047,
            "received": 0.0
        },
        "6121750279903659323L": {
            "pending": 0.30983586719345685,
            "received": 0.0
        },
        "6021511972476847954L": {
            "pending": 0.7198433049142925,
            "received": 0.0
        },
        "16682201037875195416L": {
            "pending": 0.0001513290594538045,
            "received": 0.0
        },
        "6183301800081823678L": {
            "pending": 0.1959371549561958,
            "received": 0.0
        },
        "17115464686765234302L": {
            "pending": 0.11777532760149424,
            "received": 0.0
        },
        "14820233993774430788L": {
            "pending": 0.0005866494295636385,
            "received": 0.0
        },
        "15432127119086351058L": {
            "pending": 0.5681841718056349,
            "received": 0.0
        },
        "13532811633176466252L": {
            "pending": 0.00010418341993582289,
            "received": 0.0
        },
        "9096358076943957197L": {
            "pending": 0.36505950696404066,
            "received": 0.0
        },
        "1527055342645791567L": {
            "pending": 0.52376566668395,
            "received": 0.0
        },
        "454100446838833925L": {
            "pending": 0.0001279667113395485,
            "received": 0.0
        }
    },
    "pending": {}
}