{
    "lastpayout": 1582578001,
    "accounts": {
        "2450278249619677470L": {
            "pending": 0.5246090018515199,
            "received": 1.1978774521537856
        },
        "13687555072872361768L": {
            "pending": 0.34371082670522995,
            "received": 5.8568725918843345
        },
        "11074069055723935210L": {
            "pending": 1.0921700855858503,
            "received": 5.053303322027885
        },
        "17522706896063059618L": {
            "pending": 0.39604291176717554,
            "received": 0.0
        },
        "11092520061436684887L": {
            "pending": 0.9169417921379202,
            "received": 0.0
        },
        "8608501552091746000L": {
            "pending": 0,
            "received": 8.402533913903266
        },
        "12106078269549155470L": {
            "pending": 0.12865641944960954,
            "received": 0.0
        },
        "7258493352278925308L": {
            "pending": 0.5081182877030818,
            "received": 3.851129403030882
        },
        "3905013786800090105L": {
            "pending": 0.00460277908449518,
            "received": 0.0
        },
        "8191405714437232748L": {
            "pending": 0,
            "received": 15.025705884017027
        },
        "5619603642193345811L": {
            "pending": 0.006906743816038582,
            "received": 0.0
        },
        "9976683524520929881L": {
            "pending": 0,
            "received": 77.43689649735967
        },
        "8004805717140184627L": {
            "pending": 0.5089967835086124,
            "received": 2.3405237979996754
        },
        "16671600588889208369L": {
            "pending": 0,
            "received": 61.135036795299555
        },
        "6515576688092110678L": {
            "pending": 0.7590982713626341,
            "received": 12.935135872176197
        },
        "3559263486532827983L": {
            "pending": 0.0022452529582151375,
            "received": 0.0
        },
        "17053847324469608106L": {
            "pending": 0.8037336490876386,
            "received": 0.0
        },
        "7134531444980378449L": {
            "pending": 0.14394588393656596,
            "received": 2.4389207633338046
        },
        "5201600508578320196L": {
            "pending": 0,
            "received": 39.37232022649954
        },
        "17449802785255227364L": {
            "pending": 1.0873737087452406,
            "received": 2.5284091828673203
        },
        "15118820220573795070L": {
            "pending": 0.668396403057844,
            "received": 5.042746217290885
        },
        "14403188529144016184L": {
            "pending": 0.9636150993204717,
            "received": 0.0
        },
        "14961071094921829917L": {
            "pending": 0.002151302955803422,
            "received": 0.0
        },
        "5506728986121222390L": {
            "pending": 0.002151302955803422,
            "received": 0.0
        },
        "1093219811159306396L": {
            "pending": 0.9160685276212148,
            "received": 6.935300612349905
        },
        "5007121370099988073L": {
            "pending": 0,
            "received": 5.187641425145135
        },
        "14532972329284175202L": {
            "pending": 0.5211564976287709,
            "received": 8.851471392762047
        },
        "5794850803291593420L": {
            "pending": 0.926953645787947,
            "received": 6.997242233948016
        },
        "5244341344295779314L": {
            "pending": 0.221474395189205,
            "received": 0.0
        },
        "6573868316532588354L": {
            "pending": 0,
            "received": 21.065118224641836
        },
        "10431374778810601967L": {
            "pending": 0.7447191402442842,
            "received": 2.358642535910532
        },
        "765057514163296046L": {
            "pending": 0,
            "received": 8.851241795407756
        },
        "2970958268267411716L": {
            "pending": 0.5171254739242488,
            "received": 8.782587587386733
        },
        "15685642188501630198L": {
            "pending": 0.4790093965424076,
            "received": 3.602816048854526
        },
        "16348134243610516066L": {
            "pending": 0.6971035354193249,
            "received": 5.255894258458645
        },
        "6281405850162033335L": {
            "pending": 0,
            "received": 8.211328295295957
        },
        "12263243490950058338L": {
            "pending": 0,
            "received": 8.382809005442368
        },
        "4856867543512507900L": {
            "pending": 0,
            "received": 8.637290392447689
        },
        "18234943547133247982L": {
            "pending": 0,
            "received": 151.16656887140545
        },
        "9000908004295831026L": {
            "pending": 0.4848177442382627,
            "received": 3.6745636206534114
        },
        "13224283457902846739L": {
            "pending": 0.003562410745400633,
            "received": 0.0
        },
        "9558646261397348416L": {
            "pending": 0.001620692565120411,
            "received": 0.0
        },
        "2955231261147268436L": {
            "pending": 0.21308228998912057,
            "received": 3.601619893601633
        },
        "5544863131864332694L": {
            "pending": 0.010498589081124502,
            "received": 0.0
        },
        "5687997770441715564L": {
            "pending": 1.0249216113010378,
            "received": 1.111901759529645
        },
        "8489184487016694957L": {
            "pending": 0.8632001513790473,
            "received": 1.169211038195072
        },
        "8705127156785948074L": {
            "pending": 0.5122854292630208,
            "received": 8.699687414839255
        },
        "1850283558099171018L": {
            "pending": 0.0021535230828236152,
            "received": 0.0
        },
        "6121750279903659323L": {
            "pending": 1.0461638623628708,
            "received": 2.395750966849211
        },
        "6021511972476847954L": {
            "pending": 0.4240468332337926,
            "received": 7.1967676721220855
        },
        "16682201037875195416L": {
            "pending": 0.0015962711663442468,
            "received": 0.0
        },
        "6183301800081823678L": {
            "pending": 0.8899705016646414,
            "received": 1.205462455230369
        },
        "17115464686765234302L": {
            "pending": 0.06886523744267725,
            "received": 1.1734737286350296
        },
        "14820233993774430788L": {
            "pending": 0.006188180727116739,
            "received": 0.0
        },
        "15432127119086351058L": {
            "pending": 1.0610121918636688,
            "received": 4.933137308830046
        },
        "13532811633176466252L": {
            "pending": 0.0010989626834061938,
            "received": 0.0
        },
        "9096358076943957197L": {
            "pending": 0.21663182989832822,
            "received": 3.6618730973843796
        },
        "1527055342645791567L": {
            "pending": 0.30948510364831355,
            "received": 5.2435580730937925
        },
        "454100446838833925L": {
            "pending": 0.001349837052450425,
            "received": 0.0
        }
    },
    "pending": {}
}