{
    "lastpayout": 1581285062,
    "accounts": {
        "2450278249619677470L": {
            "pending": 0.16303203126560922,
            "received": 0.0
        },
        "13687555072872361768L": {
            "pending": 0.5966532294525745,
            "received": 0.0
        },
        "11074069055723935210L": {
            "pending": 0.5886874183457683,
            "received": 0.0
        },
        "17522706896063059618L": {
            "pending": 0.03811006729769002,
            "received": 0.0
        },
        "11092520061436684887L": {
            "pending": 0.08823446361975476,
            "received": 0.0
        },
        "8608501552091746000L": {
            "pending": 0.80591248749273,
            "received": 0.0
        },
        "12106078269549155470L": {
            "pending": 0.012380236226489707,
            "received": 0.0
        },
        "7258493352278925308L": {
            "pending": 0.41947185895876093,
            "received": 0.0
        },
        "3905013786800090105L": {
            "pending": 0.00044308193906744404,
            "received": 0.0
        },
        "8191405714437232748L": {
            "pending": 0.29932529429047805,
            "received": 1.143838268553806
        },
        "5619603642193345811L": {
            "pending": 0.000664616039869623,
            "received": 0.0
        },
        "9976683524520929881L": {
            "pending": 0.27596574840754445,
            "received": 7.175434499805039
        },
        "8004805717140184627L": {
            "pending": 0.271473991868022,
            "received": 0.0
        },
        "16671600588889208369L": {
            "pending": 0.0871088435826059,
            "received": 5.792934351016423
        },
        "6515576688092110678L": {
            "pending": 0.0488028203205689,
            "received": 1.2689325483614788
        },
        "3559263486532827983L": {
            "pending": 0.0002160542173475868,
            "received": 0.0
        },
        "17053847324469608106L": {
            "pending": 0.07468235103002004,
            "received": 0.0
        },
        "7134531444980378449L": {
            "pending": 0.25964380058039055,
            "received": 0.0
        },
        "5201600508578320196L": {
            "pending": 0.7852165155627949,
            "received": 3.000712237959524
        },
        "17449802785255227364L": {
            "pending": 0.3479316221444363,
            "received": 0.0
        },
        "15118820220573795070L": {
            "pending": 0.54710502610736,
            "received": 0.0
        },
        "14403188529144016184L": {
            "pending": 0.08999298372040909,
            "received": 0.0
        },
        "14961071094921829917L": {
            "pending": 0.00020701367954689134,
            "received": 0.0
        },
        "5506728986121222390L": {
            "pending": 0.00020701367954689134,
            "received": 0.0
        },
        "1093219811159306396L": {
            "pending": 0.7535699761805092,
            "received": 0.0
        },
        "5007121370099988073L": {
            "pending": 0.49918452347094117,
            "received": 0.0
        },
        "14532972329284175202L": {
            "pending": 0.8992211741594882,
            "received": 0.0
        },
        "5794850803291593420L": {
            "pending": 0.759800116264235,
            "received": 0.0
        },
        "5244341344295779314L": {
            "pending": 0.02131184236504582,
            "received": 0.0
        },
        "6573868316532588354L": {
            "pending": 0.41985605356234534,
            "received": 1.6044433590655292
        },
        "10431374778810601967L": {
            "pending": 0.2959683124202091,
            "received": 0.0
        },
        "765057514163296046L": {
            "pending": 0.8490047684815237,
            "received": 0.0
        },
        "2970958268267411716L": {
            "pending": 0.892227687928131,
            "received": 0.0
        },
        "15685642188501630198L": {
            "pending": 0.3901294899660573,
            "received": 0.0
        },
        "16348134243610516066L": {
            "pending": 0.5701066483969185,
            "received": 0.0
        },
        "6281405850162033335L": {
            "pending": 0.7901403249993662,
            "received": 0.0
        },
        "12263243490950058338L": {
            "pending": 0.8066411543418412,
            "received": 0.0
        },
        "4856867543512507900L": {
            "pending": 0.8284479605330247,
            "received": 0.0
        },
        "18234943547133247982L": {
            "pending": 0.5387197875123986,
            "received": 14.00734883535438
        },
        "9000908004295831026L": {
            "pending": 0.40024140699504385,
            "received": 0.0
        },
        "13224283457902846739L": {
            "pending": 0.000342800512811714,
            "received": 0.0
        },
        "9558646261397348416L": {
            "pending": 0.00015595457181648726,
            "received": 0.0
        },
        "2955231261147268436L": {
            "pending": 0.36435874683988756,
            "received": 0.0
        },
        "5544863131864332694L": {
            "pending": 0.001010248951627896,
            "received": 0.0
        },
        "5687997770441715564L": {
            "pending": 0.20384459001573454,
            "received": 0.0
        },
        "8489184487016694957L": {
            "pending": 0.1929313533469644,
            "received": 0.0
        },
        "8705127156785948074L": {
            "pending": 0.8837347153428741,
            "received": 0.0
        },
        "1850283558099171018L": {
            "pending": 0.0002072273159676809,
            "received": 0.0
        },
        "6121750279903659323L": {
            "pending": 0.3147250919377756,
            "received": 0.0
        },
        "6021511972476847954L": {
            "pending": 0.7306689207054702,
            "received": 0.0
        },
        "16682201037875195416L": {
            "pending": 0.00015360457103826233,
            "received": 0.0
        },
        "6183301800081823678L": {
            "pending": 0.19888473493911835,
            "received": 0.0
        },
        "17115464686765234302L": {
            "pending": 0.11954629692680302,
            "received": 0.0
        },
        "14820233993774430788L": {
            "pending": 0.0005954707860024204,
            "received": 0.0
        },
        "15432127119086351058L": {
            "pending": 0.5767279199754639,
            "received": 0.0
        },
        "13532811633176466252L": {
            "pending": 0.00010575000985469284,
            "received": 0.0
        },
        "9096358076943957197L": {
            "pending": 0.370550083235181,
            "received": 0.0
        },
        "1527055342645791567L": {
            "pending": 0.5316427015660298,
            "received": 0.0
        },
        "454100446838833925L": {
            "pending": 0.00012989092692067424,
            "received": 0.0
        }
    },
    "pending": {}
}