{
    "lastpayout": 1582232402,
    "accounts": {
        "2450278249619677470L": {
            "pending": 0.10871180313919447,
            "received": 1.1978774521537856
        },
        "13687555072872361768L": {
            "pending": 0,
            "received": 4.723955429404599
        },
        "11074069055723935210L": {
            "pending": 0.7576930813194134,
            "received": 3.918719368762053
        },
        "17522706896063059618L": {
            "pending": 0.3017295601641169,
            "received": 0.0
        },
        "11092520061436684887L": {
            "pending": 0.6985818571589798,
            "received": 0.0
        },
        "8608501552091746000L": {
            "pending": 1.0354771662676931,
            "received": 5.36054259680718
        },
        "12106078269549155470L": {
            "pending": 0.09801827958391,
            "received": 0.0
        },
        "7258493352278925308L": {
            "pending": 0.79693861867372,
            "received": 2.524184479930911
        },
        "3905013786800090105L": {
            "pending": 0.003506785357519621,
            "received": 0.0
        },
        "8191405714437232748L": {
            "pending": 0,
            "received": 11.441753292373987
        },
        "5619603642193345811L": {
            "pending": 0.005261977204643603,
            "received": 0.0
        },
        "9976683524520929881L": {
            "pending": 0,
            "received": 58.99581998947817
        },
        "8004805717140184627L": {
            "pending": 1.0297788905524692,
            "received": 1.135351793796479
        },
        "16671600588889208369L": {
            "pending": 0,
            "received": 46.57035719212771
        },
        "6515576688092110678L": {
            "pending": 0.8570759432960802,
            "received": 9.575969078614726
        },
        "3559263486532827983L": {
            "pending": 0.0017105701614922436,
            "received": 0.0
        },
        "17053847324469608106L": {
            "pending": 0.6066905067002251,
            "received": 0.0
        },
        "7134531444980378449L": {
            "pending": 0.7674835990144478,
            "received": 1.1983464621677655
        },
        "5201600508578320196L": {
            "pending": 0,
            "received": 29.99046876782636
        },
        "17449802785255227364L": {
            "pending": 0.22630007684835304,
            "received": 2.5284091828673203
        },
        "15118820220573795070L": {
            "pending": 0.7037531016962297,
            "received": 3.6427141769929463
        },
        "14403188529144016184L": {
            "pending": 0.728452542979234,
            "received": 0.0
        },
        "14961071094921829917L": {
            "pending": 0.0016389933397316521,
            "received": 0.0
        },
        "5506728986121222390L": {
            "pending": 0.0016389933397316521,
            "received": 0.0
        },
        "1093219811159306396L": {
            "pending": 0.49187727645379453,
            "received": 5.48789134173572
        },
        "5007121370099988073L": {
            "pending": 0,
            "received": 3.9522400517411462
        },
        "14532972329284175202L": {
            "pending": 0.58749985536378,
            "received": 6.547488999666863
        },
        "5794850803291593420L": {
            "pending": 0.49689541435228285,
            "received": 5.534395333886382
        },
        "5244341344295779314L": {
            "pending": 0.16873265462541018,
            "received": 0.0
        },
        "6573868316532588354L": {
            "pending": 0,
            "received": 16.04293683307779
        },
        "10431374778810601967L": {
            "pending": 0,
            "received": 2.358642535910532
        },
        "765057514163296046L": {
            "pending": 1.0907633775834094,
            "received": 5.646849295680889
        },
        "2970958268267411716L": {
            "pending": 0.5829236172869363,
            "received": 6.496554634221814
        },
        "15685642188501630198L": {
            "pending": 0.7481983551099088,
            "received": 2.3558797525938466
        },
        "16348134243610516066L": {
            "pending": 0.7340996768299786,
            "received": 3.795531375469206
        },
        "6281405850162033335L": {
            "pending": 1.0104151900453116,
            "received": 5.245442335595829
        },
        "12263243490950058338L": {
            "pending": 1.0315161339147783,
            "received": 5.354985139358378
        },
        "4856867543512507900L": {
            "pending": 1.0644278542950698,
            "received": 5.510289159643616
        },
        "18234943547133247982L": {
            "pending": 0,
            "received": 115.16726049758908
        },
        "9000908004295831026L": {
            "pending": 0.760396927370429,
            "received": 2.40846462853276
        },
        "13224283457902846739L": {
            "pending": 0.0027140610156041792,
            "received": 0.0
        },
        "9558646261397348416L": {
            "pending": 0.0012347420956305716,
            "received": 0.0
        },
        "2955231261147268436L": {
            "pending": 0.47095443301205253,
            "received": 2.4296663875141804
        },
        "5544863131864332694L": {
            "pending": 0.007998463226262043,
            "received": 0.0
        },
        "5687997770441715564L": {
            "pending": 0.5121971513638468,
            "received": 1.111901759529645
        },
        "8489184487016694957L": {
            "pending": 0.373509224630007,
            "received": 1.169211038195072
        },
        "8705127156785948074L": {
            "pending": 0.577447704873632,
            "received": 6.435059608346542
        },
        "1850283558099171018L": {
            "pending": 0.0016406847674265005,
            "received": 0.0
        },
        "6121750279903659323L": {
            "pending": 0.21727544646577596,
            "received": 2.395750966849211
        },
        "6021511972476847954L": {
            "pending": 0,
            "received": 5.8003938804468795
        },
        "16682201037875195416L": {
            "pending": 0.0012161363898032789,
            "received": 0.0
        },
        "6183301800081823678L": {
            "pending": 0.38512425166550635,
            "received": 1.205462455230369
        },
        "17115464686765234302L": {
            "pending": 0.9464881487068432,
            "received": 0.0
        },
        "14820233993774430788L": {
            "pending": 0.004714532171974983,
            "received": 0.0
        },
        "15432127119086351058L": {
            "pending": 0.7376245756871905,
            "received": 3.8289328387196466
        },
        "13532811633176466252L": {
            "pending": 0.000837256562985433,
            "received": 0.0
        },
        "9096358076943957197L": {
            "pending": 0.47881724169631235,
            "received": 2.470378587687962
        },
        "1527055342645791567L": {
            "pending": 0.34845211560051337,
            "received": 3.8764580616085245
        },
        "454100446838833925L": {
            "pending": 0.0010283879045120457,
            "received": 0.0
        }
    },
    "pending": {}
}