{
    "lastpayout": 1582318802,
    "accounts": {
        "2450278249619677470L": {
            "pending": 0.21516340932772432,
            "received": 1.1978774521537856
        },
        "13687555072872361768L": {
            "pending": 0.379181708374527,
            "received": 4.723955429404599
        },
        "11074069055723935210L": {
            "pending": 0,
            "received": 5.053303322027885
        },
        "17522706896063059618L": {
            "pending": 0.3259482048258491,
            "received": 0.0
        },
        "11092520061436684887L": {
            "pending": 0.754654317565979,
            "received": 0.0
        },
        "8608501552091746000L": {
            "pending": 0,
            "received": 6.910934257769348
        },
        "12106078269549155470L": {
            "pending": 0.10588582124043792,
            "received": 0.0
        },
        "7258493352278925308L": {
            "pending": 1.063516926961981,
            "received": 2.524184479930911
        },
        "3905013786800090105L": {
            "pending": 0.0037882246465910504,
            "received": 0.0
        },
        "8191405714437232748L": {
            "pending": 0.9200032000871062,
            "received": 11.441753292373987
        },
        "5619603642193345811L": {
            "pending": 0.005684335412000158,
            "received": 0.0
        },
        "9976683524520929881L": {
            "pending": 0,
            "received": 63.73127902396377
        },
        "8004805717140184627L": {
            "pending": 0,
            "received": 2.3405237979996754
        },
        "16671600588889208369L": {
            "pending": 0,
            "received": 50.31005526140163
        },
        "6515576688092110678L": {
            "pending": 0,
            "received": 11.270480875938318
        },
        "3559263486532827983L": {
            "pending": 0.001847870898243423,
            "received": 0.0
        },
        "17053847324469608106L": {
            "pending": 0.6569581511951795,
            "received": 0.0
        },
        "7134531444980378449L": {
            "pending": 0.9255992841510303,
            "received": 1.1983464621677655
        },
        "5201600508578320196L": {
            "pending": 0,
            "received": 32.39929347211492
        },
        "17449802785255227364L": {
            "pending": 0.4474144362050997,
            "received": 2.5284091828673203
        },
        "15118820220573795070L": {
            "pending": 1.0538430935274827,
            "received": 3.6427141769929463
        },
        "14403188529144016184L": {
            "pending": 0.7885092250362252,
            "received": 0.0
        },
        "14961071094921829917L": {
            "pending": 0.0017705488866138208,
            "received": 0.0
        },
        "5506728986121222390L": {
            "pending": 0.0017705488866138208,
            "received": 0.0
        },
        "1093219811159306396L": {
            "pending": 0.9724830737647012,
            "received": 5.48789134173572
        },
        "5007121370099988073L": {
            "pending": 0.3172376590221487,
            "received": 3.9522400517411462
        },
        "14532972329284175202L": {
            "pending": 0,
            "received": 7.709254318107921
        },
        "5794850803291593420L": {
            "pending": 0.9826298712716102,
            "received": 5.534395333886382
        },
        "5244341344295779314L": {
            "pending": 0.18227616094604007,
            "received": 0.0
        },
        "6573868316532588354L": {
            "pending": 0,
            "received": 17.33224930662127
        },
        "10431374778810601967L": {
            "pending": 0.19088770473275304,
            "received": 2.358642535910532
        },
        "765057514163296046L": {
            "pending": 0,
            "received": 7.280036454234401
        },
        "2970958268267411716L": {
            "pending": 0,
            "received": 7.649266828336096
        },
        "15685642188501630198L": {
            "pending": 0.9989388592797455,
            "received": 2.3558797525938466
        },
        "16348134243610516066L": {
            "pending": 1.0992817072401637,
            "received": 3.795531375469206
        },
        "6281405850162033335L": {
            "pending": 0,
            "received": 6.757999762055645
        },
        "12263243490950058338L": {
            "pending": 0,
            "received": 6.899129966393241
        },
        "4856867543512507900L": {
            "pending": 0,
            "received": 7.104032618588059
        },
        "18234943547133247982L": {
            "pending": 0,
            "received": 124.411473898473
        },
        "9000908004295831026L": {
            "pending": 1.0147508846595414,
            "received": 2.40846462853276
        },
        "13224283457902846739L": {
            "pending": 0.0029319080150543666,
            "received": 0.0
        },
        "9558646261397348416L": {
            "pending": 0.001333849985645372,
            "received": 0.0
        },
        "2955231261147268436L": {
            "pending": 0.7053417680339429,
            "received": 2.4296663875141804
        },
        "5544863131864332694L": {
            "pending": 0.008640468400072022,
            "received": 0.0
        },
        "5687997770441715564L": {
            "pending": 0.6436367592615456,
            "received": 1.111901759529645
        },
        "8489184487016694957L": {
            "pending": 0.4989120099690637,
            "received": 1.169211038195072
        },
        "8705127156785948074L": {
            "pending": 0,
            "received": 7.576967192973379
        },
        "1850283558099171018L": {
            "pending": 0.0017723760785549375,
            "received": 0.0
        },
        "6121750279903659323L": {
            "pending": 0.4297866995253,
            "received": 2.395750966849211
        },
        "6021511972476847954L": {
            "pending": 0.46713751136476345,
            "received": 5.8003938804468795
        },
        "16682201037875195416L": {
            "pending": 0.0013137508730140962,
            "received": 0.0
        },
        "6183301800081823678L": {
            "pending": 0.5144139774461947,
            "received": 1.205462455230369
        },
        "17115464686765234302L": {
            "pending": 1.0224590871161128,
            "received": 0.0
        },
        "14820233993774430788L": {
            "pending": 0.005092949120441226,
            "received": 0.0
        },
        "15432127119086351058L": {
            "pending": 0,
            "received": 4.933137308830046
        },
        "13532811633176466252L": {
            "pending": 0.0009044598531722421,
            "received": 0.0
        },
        "9096358076943957197L": {
            "pending": 0.7171150101450185,
            "received": 2.470378587687962
        },
        "1527055342645791567L": {
            "pending": 0.6891449554599016,
            "received": 3.8764580616085245
        },
        "454100446838833925L": {
            "pending": 0.001110932555491067,
            "received": 0.0
        }
    },
    "pending": {}
}