{
    "lastpayout": 1581714002,
    "accounts": {
        "2450278249619677470L": {
            "pending": 0.6833130220795658,
            "received": 0.0
        },
        "13687555072872361768L": {
            "pending": 0,
            "received": 2.4870557013214167
        },
        "11074069055723935210L": {
            "pending": 0,
            "received": 2.4575860890600816
        },
        "17522706896063059618L": {
            "pending": 0.15885498365624867,
            "received": 0.0
        },
        "11092520061436684887L": {
            "pending": 0.36779005826600136,
            "received": 0.0
        },
        "8608501552091746000L": {
            "pending": 1.021983439790405,
            "received": 2.340914514172427
        },
        "12106078269549155470L": {
            "pending": 0.05160479534337444,
            "received": 0.0
        },
        "7258493352278925308L": {
            "pending": 0.5308337773309207,
            "received": 1.2176649352895017
        },
        "3905013786800090105L": {
            "pending": 0.001846472825568048,
            "received": 0.0
        },
        "8191405714437232748L": {
            "pending": 0,
            "received": 6.019292541844189
        },
        "5619603642193345811L": {
            "pending": 0.002770332818529793,
            "received": 0.0
        },
        "9976683524520929881L": {
            "pending": 0,
            "received": 31.059985144450465
        },
        "8004805717140184627L": {
            "pending": 0,
            "received": 1.135351793796479
        },
        "16671600588889208369L": {
            "pending": 0,
            "received": 24.513724965431578
        },
        "6515576688092110678L": {
            "pending": 0.8288265802947391,
            "received": 4.6639396504090005
        },
        "3559263486532827983L": {
            "pending": 0.0009005832736405279,
            "received": 0.0
        },
        "17053847324469608106L": {
            "pending": 0.31493560930436215,
            "received": 0.0
        },
        "7134531444980378449L": {
            "pending": 1.0377641898145749,
            "received": 0.0
        },
        "5201600508578320196L": {
            "pending": 0,
            "received": 15.784766438357282
        },
        "17449802785255227364L": {
            "pending": 0.21884121732446457,
            "received": 1.2314529248210844
        },
        "15118820220573795070L": {
            "pending": 0,
            "received": 2.284281133789941
        },
        "14403188529144016184L": {
            "pending": 0.3789150163494144,
            "received": 0.0
        },
        "14961071094921829917L": {
            "pending": 0.0008628994124876449,
            "received": 0.0
        },
        "5506728986121222390L": {
            "pending": 0.0008628994124876449,
            "received": 0.0
        },
        "1093219811159306396L": {
            "pending": 0.47516398389091596,
            "received": 2.6696990753130114
        },
        "5007121370099988073L": {
            "pending": 0.6317087119658558,
            "received": 1.4490590429083334
        },
        "14532972329284175202L": {
            "pending": 0,
            "received": 3.7519240791607964
        },
        "5794850803291593420L": {
            "pending": 0.4790648756024394,
            "received": 2.691716326533192
        },
        "5244341344295779314L": {
            "pending": 0.08883459439047249,
            "received": 0.0
        },
        "6573868316532588354L": {
            "pending": 0,
            "received": 8.441750813714814
        },
        "10431374778810601967L": {
            "pending": 0,
            "received": 1.2373218262432495
        },
        "765057514163296046L": {
            "pending": 1.0765505891119576,
            "received": 2.4660824292083268
        },
        "2970958268267411716L": {
            "pending": 0,
            "received": 3.722783977354401
        },
        "15685642188501630198L": {
            "pending": 0.49578016716620177,
            "received": 1.1339508915541028
        },
        "16348134243610516066L": {
            "pending": 0,
            "received": 2.3801286853555252
        },
        "6281405850162033335L": {
            "pending": 0.9999077439799151,
            "received": 2.2936640700910824
        },
        "12263243490950058338L": {
            "pending": 1.0207892449504414,
            "received": 2.34156361806098
        },
        "4856867543512507900L": {
            "pending": 1.0505009570431998,
            "received": 2.406365689852286
        },
        "18234943547133247982L": {
            "pending": 0,
            "received": 60.63299208281796
        },
        "9000908004295831026L": {
            "pending": 0.506497988322814,
            "received": 1.161841769692375
        },
        "13224283457902846739L": {
            "pending": 0.0014289024848654422,
            "received": 0.0
        },
        "9558646261397348416L": {
            "pending": 0.0006500686751221506,
            "received": 0.0
        },
        "2955231261147268436L": {
            "pending": 0.23039645874863401,
            "received": 1.2922041656874614
        },
        "5544863131864332694L": {
            "pending": 0.004211041650648548,
            "received": 0.0
        },
        "5687997770441715564L": {
            "pending": 0.8520509866538274,
            "received": 0.0
        },
        "8489184487016694957L": {
            "pending": 0.8077447873167642,
            "received": 0.0
        },
        "8705127156785948074L": {
            "pending": 0,
            "received": 3.687433559308659
        },
        "1850283558099171018L": {
            "pending": 0.0008637899176097642,
            "received": 0.0
        },
        "6121750279903659323L": {
            "pending": 0.208761142754324,
            "received": 1.155176227309491
        },
        "6021511972476847954L": {
            "pending": 0,
            "received": 3.0493194970337756
        },
        "16682201037875195416L": {
            "pending": 0.0006402731181555083,
            "received": 0.0
        },
        "6183301800081823678L": {
            "pending": 0.8327529739045232,
            "received": 0.0
        },
        "17115464686765234302L": {
            "pending": 0.4983080047006593,
            "received": 0.0
        },
        "14820233993774430788L": {
            "pending": 0.002482113223240666,
            "received": 0.0
        },
        "15432127119086351058L": {
            "pending": 0,
            "received": 2.4040794047027028
        },
        "13532811633176466252L": {
            "pending": 0.0004407999586013223,
            "received": 0.0
        },
        "9096358076943957197L": {
            "pending": 0.23424815852124692,
            "received": 1.3139441154749676
        },
        "1527055342645791567L": {
            "pending": 1.0851253890786163,
            "received": 1.1346317684075071
        },
        "454100446838833925L": {
            "pending": 0.0005414270437231525,
            "received": 0.0
        }
    },
    "pending": {}
}