{
    "lastpayout": 1581436982,
    "accounts": {
        "2450278249619677470L": {
            "pending": 0.3483961429679421,
            "received": 0.0
        },
        "13687555072872361768L": {
            "pending": 0,
            "received": 1.2726471387844498
        },
        "11074069055723935210L": {
            "pending": 0,
            "received": 1.2563111492849564
        },
        "17522706896063059618L": {
            "pending": 0.08128786657165515,
            "received": 0.0
        },
        "11092520061436684887L": {
            "pending": 0.1882020110255468,
            "received": 0.0
        },
        "8608501552091746000L": {
            "pending": 0.5255757900846645,
            "received": 1.1940268884740353
        },
        "12106078269549155470L": {
            "pending": 0.026406749236191088,
            "received": 0.0
        },
        "7258493352278925308L": {
            "pending": 0.8947234922272285,
            "received": 0.0
        },
        "3905013786800090105L": {
            "pending": 0.0009450832312071975,
            "received": 0.0
        },
        "8191405714437232748L": {
            "pending": 0,
            "received": 3.0788761580565116
        },
        "5619603642193345811L": {
            "pending": 0.0014176101959698826,
            "received": 0.0
        },
        "9976683524520929881L": {
            "pending": 0,
            "received": 15.89367577102685
        },
        "8004805717140184627L": {
            "pending": 0.5797048598233594,
            "received": 0.0
        },
        "16671600588889208369L": {
            "pending": 0,
            "received": 12.542654681825107
        },
        "6515576688092110678L": {
            "pending": 0,
            "received": 2.8106981808628237
        },
        "3559263486532827983L": {
            "pending": 0.0004608385037687548,
            "received": 0.0
        },
        "17053847324469608106L": {
            "pending": 0.15991696270204378,
            "received": 0.0
        },
        "7134531444980378449L": {
            "pending": 0.5372105584949923,
            "received": 0.0
        },
        "5201600508578320196L": {
            "pending": 0,
            "received": 8.075950610682371
        },
        "17449802785255227364L": {
            "pending": 0.7421298696749031,
            "received": 0.0
        },
        "15118820220573795070L": {
            "pending": 0,
            "received": 1.167613637085992
        },
        "14403188529144016184L": {
            "pending": 0.19262772614012136,
            "received": 0.0
        },
        "14961071094921829917L": {
            "pending": 0.00044155525179392864,
            "received": 0.0
        },
        "5506728986121222390L": {
            "pending": 0.00044155525179392864,
            "received": 0.0
        },
        "1093219811159306396L": {
            "pending": 0.4915042017182527,
            "received": 1.1165024281808063
        },
        "5007121370099988073L": {
            "pending": 1.0647487085650116,
            "received": 0.0
        },
        "14532972329284175202L": {
            "pending": 0.5863915334671349,
            "received": 1.3322672950421617
        },
        "5794850803291593420L": {
            "pending": 0.49555090679198843,
            "received": 1.1257446233364903
        },
        "5244341344295779314L": {
            "pending": 0.04545765256811811,
            "received": 0.0
        },
        "6573868316532588354L": {
            "pending": 0,
            "received": 4.318468961165278
        },
        "10431374778810601967L": {
            "pending": 0.6319265228237564,
            "received": 0.0
        },
        "765057514163296046L": {
            "pending": 0.5536777122986608,
            "received": 1.2578761775852538
        },
        "2970958268267411716L": {
            "pending": 0.5818391790193459,
            "received": 1.3219003559531792
        },
        "15685642188501630198L": {
            "pending": 0.8327373371099154,
            "received": 0.0
        },
        "16348134243610516066L": {
            "pending": 0,
            "received": 1.2166560764928827
        },
        "6281405850162033335L": {
            "pending": 0.5148491913790415,
            "received": 1.1705028075644837
        },
        "12263243490950058338L": {
            "pending": 0.5256010042813146,
            "received": 1.1949469049753136
        },
        "4856867543512507900L": {
            "pending": 0.5402690960933666,
            "received": 1.227417556229328
        },
        "18234943547133247982L": {
            "pending": 0,
            "received": 31.026450476740997
        },
        "9000908004295831026L": {
            "pending": 0.8537053958505263,
            "received": 0.0
        },
        "13224283457902846739L": {
            "pending": 0.0007311853355825114,
            "received": 0.0
        },
        "9558646261397348416L": {
            "pending": 0.00033264739015107013,
            "received": 0.0
        },
        "2955231261147268436L": {
            "pending": 0.7778525781538099,
            "received": 0.0
        },
        "5544863131864332694L": {
            "pending": 0.002154836971097675,
            "received": 0.0
        },
        "5687997770441715564L": {
            "pending": 0.435237935596238,
            "received": 0.0
        },
        "8489184487016694957L": {
            "pending": 0.4121493163786111,
            "received": 0.0
        },
        "8705127156785948074L": {
            "pending": 0.5763213941261618,
            "received": 1.3093388323119086
        },
        "1850283558099171018L": {
            "pending": 0.00044201093319517983,
            "received": 0.0
        },
        "6121750279903659323L": {
            "pending": 0.6892231849976308,
            "received": 0.0
        },
        "6021511972476847954L": {
            "pending": 0,
            "received": 1.559144927299633
        },
        "16682201037875195416L": {
            "pending": 0.00032763489441834244,
            "received": 0.0
        },
        "6183301800081823678L": {
            "pending": 0.42486049481624627,
            "received": 0.0
        },
        "17115464686765234302L": {
            "pending": 0.25498940628505407,
            "received": 0.0
        },
        "14820233993774430788L": {
            "pending": 0.0012701250150460202,
            "received": 0.0
        },
        "15432127119086351058L": {
            "pending": 0,
            "received": 1.2301563344535285
        },
        "13532811633176466252L": {
            "pending": 0.00022556225429548203,
            "received": 0.0
        },
        "9096358076943957197L": {
            "pending": 0.79099777742511,
            "received": 0.0
        },
        "1527055342645791567L": {
            "pending": 0,
            "received": 1.1346317684075071
        },
        "454100446838833925L": {
            "pending": 0.0002770542558720795,
            "received": 0.0
        }
    },
    "pending": {}
}