{
    "lastpayout": 1582146002,
    "accounts": {
        "2450278249619677470L": {
            "pending": 0,
            "received": 1.1978774521537856
        },
        "13687555072872361768L": {
            "pending": 0.7454903689842418,
            "received": 3.590391972540995
        },
        "11074069055723935210L": {
            "pending": 0.3721966888312511,
            "received": 3.918719368762053
        },
        "17522706896063059618L": {
            "pending": 0.27694292412628996,
            "received": 0.0
        },
        "11092520061436684887L": {
            "pending": 0.641194349011183,
            "received": 0.0
        },
        "8608501552091746000L": {
            "pending": 0.508700679399722,
            "received": 5.36054259680718
        },
        "12106078269549155470L": {
            "pending": 0.08996622323325328,
            "received": 0.0
        },
        "7258493352278925308L": {
            "pending": 0.5241083428506733,
            "received": 2.524184479930911
        },
        "3905013786800090105L": {
            "pending": 0.0032187455715451006,
            "received": 0.0
        },
        "8191405714437232748L": {
            "pending": 0.9091948250780048,
            "received": 9.591209196947919
        },
        "5619603642193345811L": {
            "pending": 0.004829713578435083,
            "received": 0.0
        },
        "9976683524520929881L": {
            "pending": 0,
            "received": 54.149308490651435
        },
        "8004805717140184627L": {
            "pending": 0.8505199045718028,
            "received": 1.135351793796479
        },
        "16671600588889208369L": {
            "pending": 0,
            "received": 42.74321428821996
        },
        "6515576688092110678L": {
            "pending": 0,
            "received": 9.575969078614726
        },
        "3559263486532827983L": {
            "pending": 0.0015700493587342598,
            "received": 0.0
        },
        "17053847324469608106L": {
            "pending": 0.5554692744537088,
            "received": 0.0
        },
        "7134531444980378449L": {
            "pending": 0.6058932647914306,
            "received": 1.1983464621677655
        },
        "5201600508578320196L": {
            "pending": 0,
            "received": 27.525376494799815
        },
        "17449802785255227364L": {
            "pending": 0,
            "received": 2.5284091828673203
        },
        "15118820220573795070L": {
            "pending": 0.34569448167417133,
            "received": 3.6427141769929463
        },
        "14403188529144016184L": {
            "pending": 0.6672181736176267,
            "received": 0.0
        },
        "14961071094921829917L": {
            "pending": 0.0015043524667649661,
            "received": 0.0
        },
        "5506728986121222390L": {
            "pending": 0.0015043524667649661,
            "received": 0.0
        },
        "1093219811159306396L": {
            "pending": 0,
            "received": 5.48789134173572
        },
        "5007121370099988073L": {
            "pending": 0.9153424473286587,
            "received": 2.7122214658538315
        },
        "14532972329284175202L": {
            "pending": 0,
            "received": 6.547488999666863
        },
        "5794850803291593420L": {
            "pending": 0,
            "received": 5.534395333886382
        },
        "5244341344295779314L": {
            "pending": 0.15487151720280715,
            "received": 0.0
        },
        "6573868316532588354L": {
            "pending": 0,
            "received": 14.723630251314919
        },
        "10431374778810601967L": {
            "pending": 0.9261995139325515,
            "received": 1.2373218262432495
        },
        "765057514163296046L": {
            "pending": 0.5358630392975421,
            "received": 5.646849295680889
        },
        "2970958268267411716L": {
            "pending": 0,
            "received": 6.496554634221814
        },
        "15685642188501630198L": {
            "pending": 0.49179977526610585,
            "received": 2.3558797525938466
        },
        "16348134243610516066L": {
            "pending": 0.3606006648102624,
            "received": 3.795531375469206
        },
        "6281405850162033335L": {
            "pending": 0.4964963879377225,
            "received": 5.245442335595829
        },
        "12263243490950058338L": {
            "pending": 0.5068649399116858,
            "received": 5.354985139358378
        },
        "4856867543512507900L": {
            "pending": 0.5229264282389469,
            "received": 5.510289159643616
        },
        "18234943547133247982L": {
            "pending": 0,
            "received": 105.7062588096293
        },
        "9000908004295831026L": {
            "pending": 0.5000776959615776,
            "received": 2.40846462853276
        },
        "13224283457902846739L": {
            "pending": 0.0024911049269079146,
            "received": 0.0
        },
        "9558646261397348416L": {
            "pending": 0.0011333098630434432,
            "received": 0.0
        },
        "2955231261147268436L": {
            "pending": 0.2312981038040823,
            "received": 2.4296663875141804
        },
        "5544863131864332694L": {
            "pending": 0.007341401330359417,
            "received": 0.0
        },
        "5687997770441715564L": {
            "pending": 0.3778529404462131,
            "received": 1.111901759529645
        },
        "8489184487016694957L": {
            "pending": 0.24540185989543375,
            "received": 1.169211038195072
        },
        "8705127156785948074L": {
            "pending": 0,
            "received": 6.435059608346542
        },
        "1850283558099171018L": {
            "pending": 0.0015059049461823117,
            "received": 0.0
        },
        "6121750279903659323L": {
            "pending": 0,
            "received": 2.395750966849211
        },
        "6021511972476847954L": {
            "pending": 0.9172823415179228,
            "received": 4.405242682083683
        },
        "16682201037875195416L": {
            "pending": 0.0011162325883659428,
            "received": 0.0
        },
        "6183301800081823678L": {
            "pending": 0.2530387007714137,
            "received": 1.205462455230369
        },
        "17115464686765234302L": {
            "pending": 0.8687354905336071,
            "received": 0.0
        },
        "14820233993774430788L": {
            "pending": 0.004327240343584658,
            "received": 0.0
        },
        "15432127119086351058L": {
            "pending": 0.3624501904772154,
            "received": 3.8289328387196466
        },
        "13532811633176466252L": {
            "pending": 0.000768477177612273,
            "received": 0.0
        },
        "9096358076943957197L": {
            "pending": 0.23516989961708337,
            "received": 2.470378587687962
        },
        "1527055342645791567L": {
            "pending": 0,
            "received": 3.8764580616085245
        },
        "454100446838833925L": {
            "pending": 0.0009439073627945591,
            "received": 0.0
        }
    },
    "pending": {}
}