{
    "lastpayout": 1582059602,
    "accounts": {
        "2450278249619677470L": {
            "pending": 1.0930754735712125,
            "received": 0.0
        },
        "13687555072872361768L": {
            "pending": 0.3705733867727117,
            "received": 3.590391972540995
        },
        "11074069055723935210L": {
            "pending": 0,
            "received": 3.918719368762053
        },
        "17522706896063059618L": {
            "pending": 0.2529965823862349,
            "received": 0.0
        },
        "11092520061436684887L": {
            "pending": 0.5857523406797526,
            "received": 0.0
        },
        "8608501552091746000L": {
            "pending": 0,
            "received": 5.36054259680718
        },
        "12106078269549155470L": {
            "pending": 0.08218714047314223,
            "received": 0.0
        },
        "7258493352278925308L": {
            "pending": 0.26052731427052667,
            "received": 2.524184479930911
        },
        "3905013786800090105L": {
            "pending": 0.0029404706519815145,
            "received": 0.0
        },
        "8191405714437232748L": {
            "pending": 0,
            "received": 9.591209196947919
        },
        "5619603642193345811L": {
            "pending": 0.004412104165879553,
            "received": 0.0
        },
        "9976683524520929881L": {
            "pending": 0,
            "received": 49.467105227457466
        },
        "8004805717140184627L": {
            "pending": 0.6775769754318406,
            "received": 1.135351793796479
        },
        "16671600588889208369L": {
            "pending": 0,
            "received": 39.046051502337214
        },
        "6515576688092110678L": {
            "pending": 0.8184250562751654,
            "received": 7.92952597458596
        },
        "3559263486532827983L": {
            "pending": 0.0014342923661639778,
            "received": 0.0
        },
        "17053847324469608106L": {
            "pending": 0.5062100573700942,
            "received": 0.0
        },
        "7134531444980378449L": {
            "pending": 0.45001731730216477,
            "received": 1.1983464621677655
        },
        "5201600508578320196L": {
            "pending": 0,
            "received": 25.14409295613224
        },
        "17449802785255227364L": {
            "pending": 1.0783296100869855,
            "received": 1.2314529248210844
        },
        "15118820220573795070L": {
            "pending": 0,
            "received": 3.6427141769929463
        },
        "14403188529144016184L": {
            "pending": 0.6082906650565683,
            "received": 0.0
        },
        "14961071094921829917L": {
            "pending": 0.0013742760678813414,
            "received": 0.0
        },
        "5506728986121222390L": {
            "pending": 0.0013742760678813414,
            "received": 0.0
        },
        "1093219811159306396L": {
            "pending": 0.9115184584755331,
            "received": 4.101172516146304
        },
        "5007121370099988073L": {
            "pending": 0.6016731879381588,
            "received": 2.7122214658538315
        },
        "14532972329284175202L": {
            "pending": 1.0876476108401674,
            "received": 4.892483413310955
        },
        "5794850803291593420L": {
            "pending": 0.9196499990339211,
            "received": 4.134952061426277
        },
        "5244341344295779314L": {
            "pending": 0.1414802876256685,
            "received": 0.0
        },
        "6573868316532588354L": {
            "pending": 0,
            "received": 13.449290184179551
        },
        "10431374778810601967L": {
            "pending": 0.7379348273634909,
            "received": 1.2373218262432495
        },
        "765057514163296046L": {
            "pending": 0,
            "received": 5.646849295680889
        },
        "2970958268267411716L": {
            "pending": 1.0791691869568476,
            "received": 4.854453920967535
        },
        "15685642188501630198L": {
            "pending": 0.24434848015937216,
            "received": 2.3558797525938466
        },
        "16348134243610516066L": {
            "pending": 0,
            "received": 3.795531375469206
        },
        "6281405850162033335L": {
            "pending": 0,
            "received": 5.245442335595829
        },
        "12263243490950058338L": {
            "pending": 0,
            "received": 5.354985139358378
        },
        "4856867543512507900L": {
            "pending": 0,
            "received": 5.510289159643616
        },
        "18234943547133247982L": {
            "pending": 0,
            "received": 96.56600764799317
        },
        "9000908004295831026L": {
            "pending": 0.24858357359210492,
            "received": 2.40846462853276
        },
        "13224283457902846739L": {
            "pending": 0.002275707295506907,
            "received": 0.0
        },
        "9558646261397348416L": {
            "pending": 0.0010353162950061617,
            "received": 0.0
        },
        "2955231261147268436L": {
            "pending": 0,
            "received": 2.4296663875141804
        },
        "5544863131864332694L": {
            "pending": 0.0067066145573725245,
            "received": 0.0
        },
        "5687997770441715564L": {
            "pending": 0.24822426829501984,
            "received": 1.111901759529645
        },
        "8489184487016694957L": {
            "pending": 0.12187648353822277,
            "received": 1.169211038195072
        },
        "8705127156785948074L": {
            "pending": 1.0689888249898578,
            "received": 4.808426805977682
        },
        "1850283558099171018L": {
            "pending": 0.0013756943095210314,
            "received": 0.0
        },
        "6121750279903659323L": {
            "pending": 1.0308842275561951,
            "received": 1.155176227309491
        },
        "6021511972476847954L": {
            "pending": 0.4558446981382757,
            "received": 4.405242682083683
        },
        "16682201037875195416L": {
            "pending": 0.0010197156359768363,
            "received": 0.0
        },
        "6183301800081823678L": {
            "pending": 0.12566460991935738,
            "received": 1.205462455230369
        },
        "17115464686765234302L": {
            "pending": 0.793618733222427,
            "received": 0.0
        },
        "14820233993774430788L": {
            "pending": 0.003953078135303869,
            "received": 0.0
        },
        "15432127119086351058L": {
            "pending": 0,
            "received": 3.8289328387196466
        },
        "13532811633176466252L": {
            "pending": 0.000702029489257019,
            "received": 0.0
        },
        "9096358076943957197L": {
            "pending": 0,
            "received": 2.470378587687962
        },
        "1527055342645791567L": {
            "pending": 0.9726778527816831,
            "received": 2.567354765531632
        },
        "454100446838833925L": {
            "pending": 0.000862290804611165,
            "received": 0.0
        }
    },
    "pending": {}
}