{
    "lastpayout": 1582405202,
    "accounts": {
        "2450278249619677470L": {
            "pending": 0.3205824689870378,
            "received": 1.1978774521537856
        },
        "13687555072872361768L": {
            "pending": 0.7538824042063484,
            "received": 4.723955429404599
        },
        "11074069055723935210L": {
            "pending": 0.37266647304937467,
            "received": 5.053303322027885
        },
        "17522706896063059618L": {
            "pending": 0.3498806435654608,
            "received": 0.0
        },
        "11092520061436684887L": {
            "pending": 0.8100641368359328,
            "received": 0.0
        },
        "8608501552091746000L": {
            "pending": 0.5090595541986609,
            "received": 6.910934257769348
        },
        "12106078269549155470L": {
            "pending": 0.11366038754487333,
            "received": 0.0
        },
        "7258493352278925308L": {
            "pending": 0,
            "received": 3.851129403030882
        },
        "3905013786800090105L": {
            "pending": 0.004066338002590061,
            "received": 0.0
        },
        "8191405714437232748L": {
            "pending": 0,
            "received": 13.271102228053364
        },
        "5619603642193345811L": {
            "pending": 0.006101702364813364,
            "received": 0.0
        },
        "9976683524520929881L": {
            "pending": 0,
            "received": 68.4107825815739
        },
        "8004805717140184627L": {
            "pending": 0.17355537153098957,
            "received": 2.3405237979996754
        },
        "16671600588889208369L": {
            "pending": 0,
            "received": 54.005800190610316
        },
        "6515576688092110678L": {
            "pending": 0.8275415227093549,
            "received": 11.270480875938318
        },
        "3559263486532827983L": {
            "pending": 0.001983549071696013,
            "received": 0.0
        },
        "17053847324469608106L": {
            "pending": 0.7068572079740341,
            "received": 0.0
        },
        "7134531444980378449L": {
            "pending": 1.0820638141483665,
            "received": 1.1983464621677655
        },
        "5201600508578320196L": {
            "pending": 0,
            "received": 34.77987754752888
        },
        "17449802785255227364L": {
            "pending": 0.6659157575492869,
            "received": 2.5284091828673203
        },
        "15118820220573795070L": {
            "pending": 0,
            "received": 5.042746217290885
        },
        "14403188529144016184L": {
            "pending": 0.848089701810821,
            "received": 0.0
        },
        "14961071094921829917L": {
            "pending": 0.0019005497644741937,
            "received": 0.0
        },
        "5506728986121222390L": {
            "pending": 0.0019005497644741937,
            "received": 0.0
        },
        "1093219811159306396L": {
            "pending": 0,
            "received": 6.935300612349905
        },
        "5007121370099988073L": {
            "pending": 0.630726334647417,
            "received": 3.9522400517411462
        },
        "14532972329284175202L": {
            "pending": 0.5677139463629509,
            "received": 7.709254318107921
        },
        "5794850803291593420L": {
            "pending": 0,
            "received": 6.997242233948016
        },
        "5244341344295779314L": {
            "pending": 0.19565961571261395,
            "received": 0.0
        },
        "6573868316532588354L": {
            "pending": 0,
            "received": 18.606533473875604
        },
        "10431374778810601967L": {
            "pending": 0.3797530786928749,
            "received": 2.358642535910532
        },
        "765057514163296046L": {
            "pending": 0.5362357836580337,
            "received": 7.280036454234401
        },
        "2970958268267411716L": {
            "pending": 0.5632846183138277,
            "received": 7.649266828336096
        },
        "15685642188501630198L": {
            "pending": 0,
            "received": 3.602816048854526
        },
        "16348134243610516066L": {
            "pending": 0,
            "received": 5.255894258458645
        },
        "6281405850162033335L": {
            "pending": 0.49621002224059335,
            "received": 6.757999762055645
        },
        "12263243490950058338L": {
            "pending": 0.5065725967156355,
            "received": 6.899129966393241
        },
        "4856867543512507900L": {
            "pending": 0.5232770912476569,
            "received": 7.104032618588059
        },
        "18234943547133247982L": {
            "pending": 0,
            "received": 133.54645527759368
        },
        "9000908004295831026L": {
            "pending": 0,
            "received": 3.6745636206534114
        },
        "13224283457902846739L": {
            "pending": 0.003147180588799496,
            "received": 0.0
        },
        "9558646261397348416L": {
            "pending": 0.00143178665962198,
            "received": 0.0
        },
        "2955231261147268436L": {
            "pending": 0.9371900431646453,
            "received": 2.4296663875141804
        },
        "5544863131864332694L": {
            "pending": 0.009274886622368288,
            "received": 0.0
        },
        "5687997770441715564L": {
            "pending": 0.7736813988570893,
            "received": 1.111901759529645
        },
        "8489184487016694957L": {
            "pending": 0.6230716990988198,
            "received": 1.169211038195072
        },
        "8705127156785948074L": {
            "pending": 0.5580161667646897,
            "received": 7.576967192973379
        },
        "1850283558099171018L": {
            "pending": 0.0019025111162558888,
            "received": 0.0
        },
        "6121750279903659323L": {
            "pending": 0.6400147214561853,
            "received": 2.395750966849211
        },
        "6021511972476847954L": {
            "pending": 0.9289666465040085,
            "received": 5.8003938804468795
        },
        "16682201037875195416L": {
            "pending": 0.0014102117886504318,
            "received": 0.0
        },
        "6183301800081823678L": {
            "pending": 0.6423985755115706,
            "received": 1.205462455230369
        },
        "17115464686765234302L": {
            "pending": 1.097532232408324,
            "received": 0.0
        },
        "14820233993774430788L": {
            "pending": 0.005466894093980938,
            "received": 0.0
        },
        "15432127119086351058L": {
            "pending": 0.3622518351893632,
            "received": 4.933137308830046
        },
        "13532811633176466252L": {
            "pending": 0.0009708689626810614,
            "received": 0.0
        },
        "9096358076943957197L": {
            "pending": 0.9528194442454321,
            "received": 2.470378587687962
        },
        "1527055342645791567L": {
            "pending": 1.0260505261864301,
            "received": 3.8764580616085245
        },
        "454100446838833925L": {
            "pending": 0.0011925017279377618,
            "received": 0.0
        }
    },
    "pending": {}
}